,producto,fecha,pais,transporte,kg,tipo
36,"0541 PATATAS, FRESCAS O REFRIGERADA",2015-12-01 00:00:00, Francia,Carretera,64467854.55,import
37,"0541 PATATAS, FRESCAS O REFRIGERADA",2015-11-01 00:00:00, Francia,Carretera,54564279.57,import
38,"0541 PATATAS, FRESCAS O REFRIGERADA",2015-10-01 00:00:00, Francia,Carretera,22549736.0,import
39,"0541 PATATAS, FRESCAS O REFRIGERADA",2015-09-01 00:00:00, Francia,Carretera,12376266.94,import
40,"0541 PATATAS, FRESCAS O REFRIGERADA",2015-08-01 00:00:00, Francia,Carretera,6024376.5,import
41,"0541 PATATAS, FRESCAS O REFRIGERADA",2015-07-01 00:00:00, Francia,Carretera,6913600.67,import
50,"0541 PATATAS, FRESCAS O REFRIGERADA",2015-12-01 00:00:00, Países Bajos,Marítimo,66250.0,import
51,"0541 PATATAS, FRESCAS O REFRIGERADA",2015-11-01 00:00:00, Países Bajos,Marítimo,95250.0,import
52,"0541 PATATAS, FRESCAS O REFRIGERADA",2015-10-01 00:00:00, Países Bajos,Marítimo,96305.0,import
57,"0541 PATATAS, FRESCAS O REFRIGERADA",2015-12-01 00:00:00, Países Bajos,Carretera,13179397.26,import
58,"0541 PATATAS, FRESCAS O REFRIGERADA",2015-11-01 00:00:00, Países Bajos,Carretera,6254215.97,import
59,"0541 PATATAS, FRESCAS O REFRIGERADA",2015-10-01 00:00:00, Países Bajos,Carretera,1177944.11,import
60,"0541 PATATAS, FRESCAS O REFRIGERADA",2015-09-01 00:00:00, Países Bajos,Carretera,344394.94,import
61,"0541 PATATAS, FRESCAS O REFRIGERADA",2015-08-01 00:00:00, Países Bajos,Carretera,375050.0,import
62,"0541 PATATAS, FRESCAS O REFRIGERADA",2015-07-01 00:00:00, Países Bajos,Carretera,1925631.87,import
71,"0541 PATATAS, FRESCAS O REFRIGERADA",2015-12-01 00:00:00, Alemania,Marítimo,12295.18,import
72,"0541 PATATAS, FRESCAS O REFRIGERADA",2015-11-01 00:00:00, Alemania,Marítimo,300.0,import
73,"0541 PATATAS, FRESCAS O REFRIGERADA",2015-10-01 00:00:00, Alemania,Marítimo,130010.0,import
74,"0541 PATATAS, FRESCAS O REFRIGERADA",2015-09-01 00:00:00, Alemania,Marítimo,230170.0,import
75,"0541 PATATAS, FRESCAS O REFRIGERADA",2015-08-01 00:00:00, Alemania,Marítimo,160.0,import
76,"0541 PATATAS, FRESCAS O REFRIGERADA",2015-07-01 00:00:00, Alemania,Marítimo,110.0,import
78,"0541 PATATAS, FRESCAS O REFRIGERADA",2015-12-01 00:00:00, Alemania,Carretera,947193.77,import
79,"0541 PATATAS, FRESCAS O REFRIGERADA",2015-11-01 00:00:00, Alemania,Carretera,70524.0,import
80,"0541 PATATAS, FRESCAS O REFRIGERADA",2015-10-01 00:00:00, Alemania,Carretera,23281.0,import
81,"0541 PATATAS, FRESCAS O REFRIGERADA",2015-09-01 00:00:00, Alemania,Carretera,69962.95,import
82,"0541 PATATAS, FRESCAS O REFRIGERADA",2015-08-01 00:00:00, Alemania,Carretera,152611.5,import
83,"0541 PATATAS, FRESCAS O REFRIGERADA",2015-07-01 00:00:00, Alemania,Carretera,69146.52,import
92,"0541 PATATAS, FRESCAS O REFRIGERADA",2015-12-01 00:00:00, Italia,Carretera,1056.0,import
93,"0541 PATATAS, FRESCAS O REFRIGERADA",2015-11-01 00:00:00, Italia,Carretera,3756.0,import
94,"0541 PATATAS, FRESCAS O REFRIGERADA",2015-10-01 00:00:00, Italia,Carretera,288.0,import
95,"0541 PATATAS, FRESCAS O REFRIGERADA",2015-09-01 00:00:00, Italia,Carretera,640.0,import
96,"0541 PATATAS, FRESCAS O REFRIGERADA",2015-08-01 00:00:00, Italia,Carretera,36317.0,import
97,"0541 PATATAS, FRESCAS O REFRIGERADA",2015-07-01 00:00:00, Italia,Carretera,2110.0,import
106,"0541 PATATAS, FRESCAS O REFRIGERADA",2015-12-01 00:00:00, Reino Unido,Marítimo,8655465.0,import
107,"0541 PATATAS, FRESCAS O REFRIGERADA",2015-11-01 00:00:00, Reino Unido,Marítimo,11425861.0,import
108,"0541 PATATAS, FRESCAS O REFRIGERADA",2015-10-01 00:00:00, Reino Unido,Marítimo,10004916.43,import
109,"0541 PATATAS, FRESCAS O REFRIGERADA",2015-09-01 00:00:00, Reino Unido,Marítimo,5839681.0,import
110,"0541 PATATAS, FRESCAS O REFRIGERADA",2015-08-01 00:00:00, Reino Unido,Marítimo,578743.0,import
111,"0541 PATATAS, FRESCAS O REFRIGERADA",2015-07-01 00:00:00, Reino Unido,Marítimo,125650.0,import
113,"0541 PATATAS, FRESCAS O REFRIGERADA",2015-12-01 00:00:00, Reino Unido,Carretera,1116560.41,import
114,"0541 PATATAS, FRESCAS O REFRIGERADA",2015-11-01 00:00:00, Reino Unido,Carretera,1286246.0,import
115,"0541 PATATAS, FRESCAS O REFRIGERADA",2015-10-01 00:00:00, Reino Unido,Carretera,794840.1,import
116,"0541 PATATAS, FRESCAS O REFRIGERADA",2015-09-01 00:00:00, Reino Unido,Carretera,104348.1,import
117,"0541 PATATAS, FRESCAS O REFRIGERADA",2015-08-01 00:00:00, Reino Unido,Carretera,36535.76,import
118,"0541 PATATAS, FRESCAS O REFRIGERADA",2015-07-01 00:00:00, Reino Unido,Carretera,151047.53,import
127,"0541 PATATAS, FRESCAS O REFRIGERADA",2015-12-01 00:00:00, Irlanda,Marítimo,25000.0,import
128,"0541 PATATAS, FRESCAS O REFRIGERADA",2015-11-01 00:00:00, Irlanda,Marítimo,50025.0,import
139,"0541 PATATAS, FRESCAS O REFRIGERADA",2015-07-01 00:00:00, Irlanda,Carretera,1620.0,import
148,"0541 PATATAS, FRESCAS O REFRIGERADA",2015-12-01 00:00:00, Dinamarca,Marítimo,930354.0,import
149,"0541 PATATAS, FRESCAS O REFRIGERADA",2015-11-01 00:00:00, Dinamarca,Marítimo,1030375.0,import
150,"0541 PATATAS, FRESCAS O REFRIGERADA",2015-10-01 00:00:00, Dinamarca,Marítimo,923125.0,import
151,"0541 PATATAS, FRESCAS O REFRIGERADA",2015-09-01 00:00:00, Dinamarca,Marítimo,245120.0,import
155,"0541 PATATAS, FRESCAS O REFRIGERADA",2015-12-01 00:00:00, Dinamarca,Carretera,24400.0,import
156,"0541 PATATAS, FRESCAS O REFRIGERADA",2015-11-01 00:00:00, Dinamarca,Carretera,24000.0,import
157,"0541 PATATAS, FRESCAS O REFRIGERADA",2015-10-01 00:00:00, Dinamarca,Carretera,26250.0,import
158,"0541 PATATAS, FRESCAS O REFRIGERADA",2015-09-01 00:00:00, Dinamarca,Carretera,24000.0,import
159,"0541 PATATAS, FRESCAS O REFRIGERADA",2015-08-01 00:00:00, Dinamarca,Carretera,48375.0,import
160,"0541 PATATAS, FRESCAS O REFRIGERADA",2015-07-01 00:00:00, Dinamarca,Carretera,24000.0,import
169,"0541 PATATAS, FRESCAS O REFRIGERADA",2015-12-01 00:00:00, Portugal,Marítimo,23100.0,import
172,"0541 PATATAS, FRESCAS O REFRIGERADA",2015-09-01 00:00:00, Portugal,Marítimo,139670.0,import
176,"0541 PATATAS, FRESCAS O REFRIGERADA",2015-12-01 00:00:00, Portugal,Carretera,1538622.5,import
177,"0541 PATATAS, FRESCAS O REFRIGERADA",2015-11-01 00:00:00, Portugal,Carretera,74020.0,import
178,"0541 PATATAS, FRESCAS O REFRIGERADA",2015-10-01 00:00:00, Portugal,Carretera,1006993.0,import
179,"0541 PATATAS, FRESCAS O REFRIGERADA",2015-09-01 00:00:00, Portugal,Carretera,850585.0,import
180,"0541 PATATAS, FRESCAS O REFRIGERADA",2015-08-01 00:00:00, Portugal,Carretera,1094179.0,import
181,"0541 PATATAS, FRESCAS O REFRIGERADA",2015-07-01 00:00:00, Portugal,Carretera,2787543.2,import
193,"0541 PATATAS, FRESCAS O REFRIGERADA",2015-09-01 00:00:00, Bélgica,Marítimo,900.0,import
194,"0541 PATATAS, FRESCAS O REFRIGERADA",2015-08-01 00:00:00, Bélgica,Marítimo,450.0,import
195,"0541 PATATAS, FRESCAS O REFRIGERADA",2015-07-01 00:00:00, Bélgica,Marítimo,900.0,import
197,"0541 PATATAS, FRESCAS O REFRIGERADA",2015-12-01 00:00:00, Bélgica,Carretera,2114831.0,import
198,"0541 PATATAS, FRESCAS O REFRIGERADA",2015-11-01 00:00:00, Bélgica,Carretera,1709263.0,import
199,"0541 PATATAS, FRESCAS O REFRIGERADA",2015-10-01 00:00:00, Bélgica,Carretera,282960.0,import
200,"0541 PATATAS, FRESCAS O REFRIGERADA",2015-09-01 00:00:00, Bélgica,Carretera,98537.0,import
201,"0541 PATATAS, FRESCAS O REFRIGERADA",2015-08-01 00:00:00, Bélgica,Carretera,465542.0,import
202,"0541 PATATAS, FRESCAS O REFRIGERADA",2015-07-01 00:00:00, Bélgica,Carretera,1226428.0,import
211,"0541 PATATAS, FRESCAS O REFRIGERADA",2015-12-01 00:00:00, Luxemburgo,Carretera,341160.0,import
212,"0541 PATATAS, FRESCAS O REFRIGERADA",2015-11-01 00:00:00, Luxemburgo,Carretera,292500.0,import
213,"0541 PATATAS, FRESCAS O REFRIGERADA",2015-10-01 00:00:00, Luxemburgo,Carretera,213440.0,import
214,"0541 PATATAS, FRESCAS O REFRIGERADA",2015-09-01 00:00:00, Luxemburgo,Carretera,50400.0,import
225,"0541 PATATAS, FRESCAS O REFRIGERADA",2015-12-01 00:00:00, Suecia,Marítimo,306000.0,import
226,"0541 PATATAS, FRESCAS O REFRIGERADA",2015-11-01 00:00:00, Suecia,Marítimo,334000.0,import
227,"0541 PATATAS, FRESCAS O REFRIGERADA",2015-10-01 00:00:00, Suecia,Marítimo,51000.0,import
233,"0541 PATATAS, FRESCAS O REFRIGERADA",2015-11-01 00:00:00, Suecia,Carretera,21.0,import
234,"0541 PATATAS, FRESCAS O REFRIGERADA",2015-10-01 00:00:00, Suecia,Carretera,42.0,import
236,"0541 PATATAS, FRESCAS O REFRIGERADA",2015-08-01 00:00:00, Suecia,Carretera,22.0,import
237,"0541 PATATAS, FRESCAS O REFRIGERADA",2015-07-01 00:00:00, Suecia,Carretera,22.0,import
246,"0541 PATATAS, FRESCAS O REFRIGERADA",2015-12-01 00:00:00, Marruecos,Carretera,70100.0,import
247,"0541 PATATAS, FRESCAS O REFRIGERADA",2015-11-01 00:00:00, Marruecos,Carretera,54243.0,import
248,"0541 PATATAS, FRESCAS O REFRIGERADA",2015-10-01 00:00:00, Marruecos,Carretera,53570.0,import
249,"0541 PATATAS, FRESCAS O REFRIGERADA",2015-09-01 00:00:00, Marruecos,Carretera,50630.0,import
250,"0541 PATATAS, FRESCAS O REFRIGERADA",2015-08-01 00:00:00, Marruecos,Carretera,58010.0,import
251,"0541 PATATAS, FRESCAS O REFRIGERADA",2015-07-01 00:00:00, Marruecos,Carretera,59308.0,import
260,"0541 PATATAS, FRESCAS O REFRIGERADA",2015-12-01 00:00:00, Argelia,Marítimo,24570.0,import
279,"0541 PATATAS, FRESCAS O REFRIGERADA",2015-07-01 00:00:00, Camerún,Carretera,71580.0,import
290,"0541 PATATAS, FRESCAS O REFRIGERADA",2015-10-01 00:00:00, Estados Unidos,Carretera,1935.0,import
293,"0541 PATATAS, FRESCAS O REFRIGERADA",2015-07-01 00:00:00, Estados Unidos,Carretera,25650.0,import
302,"0541 PATATAS, FRESCAS O REFRIGERADA",2015-12-01 00:00:00, México,Carretera,9.0,import
304,"0541 PATATAS, FRESCAS O REFRIGERADA",2015-10-01 00:00:00, México,Carretera,27.0,import
306,"0541 PATATAS, FRESCAS O REFRIGERADA",2015-08-01 00:00:00, México,Carretera,36.0,import
307,"0541 PATATAS, FRESCAS O REFRIGERADA",2015-07-01 00:00:00, México,Carretera,23.0,import
321,"0541 PATATAS, FRESCAS O REFRIGERADA",2015-07-01 00:00:00, Ecuador,Aire,5.0,import
330,"0541 PATATAS, FRESCAS O REFRIGERADA",2015-12-01 00:00:00, Chipre,Marítimo,26000.0,import
334,"0541 PATATAS, FRESCAS O REFRIGERADA",2015-08-01 00:00:00, Chipre,Marítimo,25000.0,import
335,"0541 PATATAS, FRESCAS O REFRIGERADA",2015-07-01 00:00:00, Chipre,Marítimo,75000.0,import
349,"0541 PATATAS, FRESCAS O REFRIGERADA",2015-07-01 00:00:00, Israel,Marítimo,54000.0,import
38,"0541 PATATAS, FRESCAS O REFRIGERADA",2015-03-01 00:00:00, Francia,Ferrocarril,65946.0,import
43,"0541 PATATAS, FRESCAS O REFRIGERADA",2015-01-01 00:00:00, Francia,Carretera,61531910.65,import
44,"0541 PATATAS, FRESCAS O REFRIGERADA",2015-02-01 00:00:00, Francia,Carretera,63984721.55,import
45,"0541 PATATAS, FRESCAS O REFRIGERADA",2015-03-01 00:00:00, Francia,Carretera,73295159.12,import
46,"0541 PATATAS, FRESCAS O REFRIGERADA",2015-04-01 00:00:00, Francia,Carretera,62481630.07,import
47,"0541 PATATAS, FRESCAS O REFRIGERADA",2015-05-01 00:00:00, Francia,Carretera,52502775.29,import
48,"0541 PATATAS, FRESCAS O REFRIGERADA",2015-06-01 00:00:00, Francia,Carretera,24259560.47,import
57,"0541 PATATAS, FRESCAS O REFRIGERADA",2015-01-01 00:00:00, Países Bajos,Carretera,6783462.65,import
58,"0541 PATATAS, FRESCAS O REFRIGERADA",2015-02-01 00:00:00, Países Bajos,Carretera,4451589.9,import
59,"0541 PATATAS, FRESCAS O REFRIGERADA",2015-03-01 00:00:00, Países Bajos,Carretera,10871076.16,import
60,"0541 PATATAS, FRESCAS O REFRIGERADA",2015-04-01 00:00:00, Países Bajos,Carretera,6649119.43,import
61,"0541 PATATAS, FRESCAS O REFRIGERADA",2015-05-01 00:00:00, Países Bajos,Carretera,2582864.29,import
62,"0541 PATATAS, FRESCAS O REFRIGERADA",2015-06-01 00:00:00, Países Bajos,Carretera,1382000.0,import
71,"0541 PATATAS, FRESCAS O REFRIGERADA",2015-01-01 00:00:00, Alemania,Marítimo,160.0,import
72,"0541 PATATAS, FRESCAS O REFRIGERADA",2015-02-01 00:00:00, Alemania,Marítimo,180.0,import
73,"0541 PATATAS, FRESCAS O REFRIGERADA",2015-03-01 00:00:00, Alemania,Marítimo,62.0,import
74,"0541 PATATAS, FRESCAS O REFRIGERADA",2015-04-01 00:00:00, Alemania,Marítimo,330.0,import
75,"0541 PATATAS, FRESCAS O REFRIGERADA",2015-05-01 00:00:00, Alemania,Marítimo,360.0,import
76,"0541 PATATAS, FRESCAS O REFRIGERADA",2015-06-01 00:00:00, Alemania,Marítimo,210.0,import
78,"0541 PATATAS, FRESCAS O REFRIGERADA",2015-01-01 00:00:00, Alemania,Carretera,268245.0,import
79,"0541 PATATAS, FRESCAS O REFRIGERADA",2015-02-01 00:00:00, Alemania,Carretera,46748.0,import
80,"0541 PATATAS, FRESCAS O REFRIGERADA",2015-03-01 00:00:00, Alemania,Carretera,61254.0,import
81,"0541 PATATAS, FRESCAS O REFRIGERADA",2015-04-01 00:00:00, Alemania,Carretera,243059.0,import
82,"0541 PATATAS, FRESCAS O REFRIGERADA",2015-05-01 00:00:00, Alemania,Carretera,22454.32,import
83,"0541 PATATAS, FRESCAS O REFRIGERADA",2015-06-01 00:00:00, Alemania,Carretera,348947.33,import
92,"0541 PATATAS, FRESCAS O REFRIGERADA",2015-01-01 00:00:00, Italia,Carretera,2324.0,import
93,"0541 PATATAS, FRESCAS O REFRIGERADA",2015-02-01 00:00:00, Italia,Carretera,93154.0,import
94,"0541 PATATAS, FRESCAS O REFRIGERADA",2015-03-01 00:00:00, Italia,Carretera,222654.0,import
95,"0541 PATATAS, FRESCAS O REFRIGERADA",2015-04-01 00:00:00, Italia,Carretera,252227.0,import
96,"0541 PATATAS, FRESCAS O REFRIGERADA",2015-05-01 00:00:00, Italia,Carretera,16285.0,import
97,"0541 PATATAS, FRESCAS O REFRIGERADA",2015-06-01 00:00:00, Italia,Carretera,4863.0,import
106,"0541 PATATAS, FRESCAS O REFRIGERADA",2015-01-01 00:00:00, Reino Unido,Marítimo,5966268.0,import
107,"0541 PATATAS, FRESCAS O REFRIGERADA",2015-02-01 00:00:00, Reino Unido,Marítimo,6777896.0,import
108,"0541 PATATAS, FRESCAS O REFRIGERADA",2015-03-01 00:00:00, Reino Unido,Marítimo,5095255.0,import
109,"0541 PATATAS, FRESCAS O REFRIGERADA",2015-04-01 00:00:00, Reino Unido,Marítimo,1811724.0,import
110,"0541 PATATAS, FRESCAS O REFRIGERADA",2015-05-01 00:00:00, Reino Unido,Marítimo,1125195.0,import
111,"0541 PATATAS, FRESCAS O REFRIGERADA",2015-06-01 00:00:00, Reino Unido,Marítimo,300387.0,import
113,"0541 PATATAS, FRESCAS O REFRIGERADA",2015-01-01 00:00:00, Reino Unido,Carretera,509418.1,import
114,"0541 PATATAS, FRESCAS O REFRIGERADA",2015-02-01 00:00:00, Reino Unido,Carretera,836707.1,import
115,"0541 PATATAS, FRESCAS O REFRIGERADA",2015-03-01 00:00:00, Reino Unido,Carretera,1937867.1,import
116,"0541 PATATAS, FRESCAS O REFRIGERADA",2015-04-01 00:00:00, Reino Unido,Carretera,1636285.76,import
117,"0541 PATATAS, FRESCAS O REFRIGERADA",2015-05-01 00:00:00, Reino Unido,Carretera,905570.07,import
118,"0541 PATATAS, FRESCAS O REFRIGERADA",2015-06-01 00:00:00, Reino Unido,Carretera,90007.0,import
127,"0541 PATATAS, FRESCAS O REFRIGERADA",2015-01-01 00:00:00, Dinamarca,Marítimo,221651.0,import
128,"0541 PATATAS, FRESCAS O REFRIGERADA",2015-02-01 00:00:00, Dinamarca,Marítimo,301766.0,import
129,"0541 PATATAS, FRESCAS O REFRIGERADA",2015-03-01 00:00:00, Dinamarca,Marítimo,138318.0,import
130,"0541 PATATAS, FRESCAS O REFRIGERADA",2015-04-01 00:00:00, Dinamarca,Marítimo,27500.0,import
131,"0541 PATATAS, FRESCAS O REFRIGERADA",2015-05-01 00:00:00, Dinamarca,Marítimo,28000.0,import
135,"0541 PATATAS, FRESCAS O REFRIGERADA",2015-02-01 00:00:00, Dinamarca,Carretera,48000.0,import
136,"0541 PATATAS, FRESCAS O REFRIGERADA",2015-03-01 00:00:00, Dinamarca,Carretera,24375.0,import
137,"0541 PATATAS, FRESCAS O REFRIGERADA",2015-04-01 00:00:00, Dinamarca,Carretera,93300.0,import
138,"0541 PATATAS, FRESCAS O REFRIGERADA",2015-05-01 00:00:00, Dinamarca,Carretera,24000.0,import
139,"0541 PATATAS, FRESCAS O REFRIGERADA",2015-06-01 00:00:00, Dinamarca,Carretera,24000.0,import
150,"0541 PATATAS, FRESCAS O REFRIGERADA",2015-03-01 00:00:00, Grecia,Carretera,71100.0,import
151,"0541 PATATAS, FRESCAS O REFRIGERADA",2015-04-01 00:00:00, Grecia,Carretera,16250.0,import
162,"0541 PATATAS, FRESCAS O REFRIGERADA",2015-01-01 00:00:00, Portugal,Carretera,179748.0,import
163,"0541 PATATAS, FRESCAS O REFRIGERADA",2015-02-01 00:00:00, Portugal,Carretera,58570.0,import
164,"0541 PATATAS, FRESCAS O REFRIGERADA",2015-03-01 00:00:00, Portugal,Carretera,666526.0,import
165,"0541 PATATAS, FRESCAS O REFRIGERADA",2015-04-01 00:00:00, Portugal,Carretera,425571.8,import
166,"0541 PATATAS, FRESCAS O REFRIGERADA",2015-05-01 00:00:00, Portugal,Carretera,344937.0,import
167,"0541 PATATAS, FRESCAS O REFRIGERADA",2015-06-01 00:00:00, Portugal,Carretera,4611550.0,import
179,"0541 PATATAS, FRESCAS O REFRIGERADA",2015-04-01 00:00:00, Bélgica,Marítimo,900.0,import
183,"0541 PATATAS, FRESCAS O REFRIGERADA",2015-01-01 00:00:00, Bélgica,Carretera,1379947.98,import
184,"0541 PATATAS, FRESCAS O REFRIGERADA",2015-02-01 00:00:00, Bélgica,Carretera,1743582.98,import
185,"0541 PATATAS, FRESCAS O REFRIGERADA",2015-03-01 00:00:00, Bélgica,Carretera,2639925.0,import
186,"0541 PATATAS, FRESCAS O REFRIGERADA",2015-04-01 00:00:00, Bélgica,Carretera,2463500.0,import
187,"0541 PATATAS, FRESCAS O REFRIGERADA",2015-05-01 00:00:00, Bélgica,Carretera,2667320.0,import
188,"0541 PATATAS, FRESCAS O REFRIGERADA",2015-06-01 00:00:00, Bélgica,Carretera,1908103.0,import
197,"0541 PATATAS, FRESCAS O REFRIGERADA",2015-01-01 00:00:00, Luxemburgo,Carretera,100300.0,import
198,"0541 PATATAS, FRESCAS O REFRIGERADA",2015-02-01 00:00:00, Luxemburgo,Carretera,225950.0,import
199,"0541 PATATAS, FRESCAS O REFRIGERADA",2015-03-01 00:00:00, Luxemburgo,Carretera,379200.0,import
200,"0541 PATATAS, FRESCAS O REFRIGERADA",2015-04-01 00:00:00, Luxemburgo,Carretera,351700.0,import
201,"0541 PATATAS, FRESCAS O REFRIGERADA",2015-05-01 00:00:00, Luxemburgo,Carretera,427000.0,import
202,"0541 PATATAS, FRESCAS O REFRIGERADA",2015-06-01 00:00:00, Luxemburgo,Carretera,250900.0,import
212,"0541 PATATAS, FRESCAS O REFRIGERADA",2015-02-01 00:00:00, Suecia,Marítimo,28000.0,import
213,"0541 PATATAS, FRESCAS O REFRIGERADA",2015-03-01 00:00:00, Suecia,Marítimo,131000.0,import
215,"0541 PATATAS, FRESCAS O REFRIGERADA",2015-05-01 00:00:00, Suecia,Marítimo,28000.0,import
218,"0541 PATATAS, FRESCAS O REFRIGERADA",2015-01-01 00:00:00, Suecia,Carretera,31.0,import
219,"0541 PATATAS, FRESCAS O REFRIGERADA",2015-02-01 00:00:00, Suecia,Carretera,10.0,import
220,"0541 PATATAS, FRESCAS O REFRIGERADA",2015-03-01 00:00:00, Suecia,Carretera,38.0,import
222,"0541 PATATAS, FRESCAS O REFRIGERADA",2015-05-01 00:00:00, Suecia,Carretera,10.0,import
234,"0541 PATATAS, FRESCAS O REFRIGERADA",2015-03-01 00:00:00, Finlandia,Carretera,0.5,import
248,"0541 PATATAS, FRESCAS O REFRIGERADA",2015-03-01 00:00:00, Austria,Carretera,22.0,import
262,"0541 PATATAS, FRESCAS O REFRIGERADA",2015-03-01 00:00:00, Suiza,Carretera,44000.0,import
263,"0541 PATATAS, FRESCAS O REFRIGERADA",2015-04-01 00:00:00, Suiza,Carretera,44000.0,import
278,"0541 PATATAS, FRESCAS O REFRIGERADA",2015-05-01 00:00:00, Malta,Marítimo,25000.0,import
279,"0541 PATATAS, FRESCAS O REFRIGERADA",2015-06-01 00:00:00, Malta,Marítimo,15325.0,import
289,"0541 PATATAS, FRESCAS O REFRIGERADA",2015-02-01 00:00:00, Polonia,Carretera,55000.0,import
304,"0541 PATATAS, FRESCAS O REFRIGERADA",2015-03-01 00:00:00, Marruecos,Marítimo,48000.0,import
305,"0541 PATATAS, FRESCAS O REFRIGERADA",2015-04-01 00:00:00, Marruecos,Marítimo,17140.0,import
309,"0541 PATATAS, FRESCAS O REFRIGERADA",2015-01-01 00:00:00, Marruecos,Carretera,51290.0,import
310,"0541 PATATAS, FRESCAS O REFRIGERADA",2015-02-01 00:00:00, Marruecos,Carretera,50334.0,import
311,"0541 PATATAS, FRESCAS O REFRIGERADA",2015-03-01 00:00:00, Marruecos,Carretera,287634.0,import
312,"0541 PATATAS, FRESCAS O REFRIGERADA",2015-04-01 00:00:00, Marruecos,Carretera,188512.0,import
313,"0541 PATATAS, FRESCAS O REFRIGERADA",2015-05-01 00:00:00, Marruecos,Carretera,50650.0,import
314,"0541 PATATAS, FRESCAS O REFRIGERADA",2015-06-01 00:00:00, Marruecos,Carretera,56708.0,import
327,"0541 PATATAS, FRESCAS O REFRIGERADA",2015-05-01 00:00:00, Egipto,Carretera,60.0,import
342,"0541 PATATAS, FRESCAS O REFRIGERADA",2015-06-01 00:00:00, Camerún,Carretera,69905.0,import
354,"0541 PATATAS, FRESCAS O REFRIGERADA",2015-04-01 00:00:00, Sudáfrica,Carretera,5760.0,import
366,"0541 PATATAS, FRESCAS O REFRIGERADA",2015-02-01 00:00:00, Estados Unidos,Carretera,10116.0,import
367,"0541 PATATAS, FRESCAS O REFRIGERADA",2015-03-01 00:00:00, Estados Unidos,Carretera,30873.0,import
368,"0541 PATATAS, FRESCAS O REFRIGERADA",2015-04-01 00:00:00, Estados Unidos,Carretera,1109.0,import
379,"0541 PATATAS, FRESCAS O REFRIGERADA",2015-01-01 00:00:00, México,Carretera,9.0,import
380,"0541 PATATAS, FRESCAS O REFRIGERADA",2015-02-01 00:00:00, México,Carretera,27.0,import
381,"0541 PATATAS, FRESCAS O REFRIGERADA",2015-03-01 00:00:00, México,Carretera,31.5,import
382,"0541 PATATAS, FRESCAS O REFRIGERADA",2015-04-01 00:00:00, México,Carretera,1.0,import
383,"0541 PATATAS, FRESCAS O REFRIGERADA",2015-05-01 00:00:00, México,Carretera,31.5,import
384,"0541 PATATAS, FRESCAS O REFRIGERADA",2015-06-01 00:00:00, México,Carretera,9.0,import
398,"0541 PATATAS, FRESCAS O REFRIGERADA",2015-06-01 00:00:00, Ecuador,Carretera,73750.0,import
410,"0541 PATATAS, FRESCAS O REFRIGERADA",2015-04-01 00:00:00, Brasil,Carretera,2700.0,import
424,"0541 PATATAS, FRESCAS O REFRIGERADA",2015-04-01 00:00:00, Argentina,Carretera,4608.0,import
435,"0541 PATATAS, FRESCAS O REFRIGERADA",2015-01-01 00:00:00, Chipre,Marítimo,74800.0,import
437,"0541 PATATAS, FRESCAS O REFRIGERADA",2015-03-01 00:00:00, Chipre,Marítimo,50800.0,import
440,"0541 PATATAS, FRESCAS O REFRIGERADA",2015-06-01 00:00:00, Chipre,Marítimo,28750.0,import
450,"0541 PATATAS, FRESCAS O REFRIGERADA",2015-02-01 00:00:00, Israel,Marítimo,513000.0,import
451,"0541 PATATAS, FRESCAS O REFRIGERADA",2015-03-01 00:00:00, Israel,Marítimo,4183650.0,import
452,"0541 PATATAS, FRESCAS O REFRIGERADA",2015-04-01 00:00:00, Israel,Marítimo,4374000.0,import
453,"0541 PATATAS, FRESCAS O REFRIGERADA",2015-05-01 00:00:00, Israel,Marítimo,1591650.0,import
454,"0541 PATATAS, FRESCAS O REFRIGERADA",2015-06-01 00:00:00, Israel,Marítimo,297000.0,import
30,"0541 PATATAS, FRESCAS O REFRIGERADA",2017-01-01 00:00:00, Francia,Carretera,72919851.79,import
31,"0541 PATATAS, FRESCAS O REFRIGERADA",2017-02-01 00:00:00, Francia,Carretera,76965546.76,import
32,"0541 PATATAS, FRESCAS O REFRIGERADA",2017-03-01 00:00:00, Francia,Carretera,82601146.93,import
33,"0541 PATATAS, FRESCAS O REFRIGERADA",2017-04-01 00:00:00, Francia,Carretera,72122418.12,import
34,"0541 PATATAS, FRESCAS O REFRIGERADA",2017-05-01 00:00:00, Francia,Carretera,58792171.03,import
35,"0541 PATATAS, FRESCAS O REFRIGERADA",2017-06-01 00:00:00, Francia,Carretera,12264072.25,import
42,"0541 PATATAS, FRESCAS O REFRIGERADA",2017-01-01 00:00:00, Países Bajos,Marítimo,2500.0,import
48,"0541 PATATAS, FRESCAS O REFRIGERADA",2017-01-01 00:00:00, Países Bajos,Carretera,9564204.45,import
49,"0541 PATATAS, FRESCAS O REFRIGERADA",2017-02-01 00:00:00, Países Bajos,Carretera,8440171.0,import
50,"0541 PATATAS, FRESCAS O REFRIGERADA",2017-03-01 00:00:00, Países Bajos,Carretera,12766855.7,import
51,"0541 PATATAS, FRESCAS O REFRIGERADA",2017-04-01 00:00:00, Países Bajos,Carretera,4972061.0,import
52,"0541 PATATAS, FRESCAS O REFRIGERADA",2017-05-01 00:00:00, Países Bajos,Carretera,2643445.41,import
53,"0541 PATATAS, FRESCAS O REFRIGERADA",2017-06-01 00:00:00, Países Bajos,Carretera,456803.1,import
60,"0541 PATATAS, FRESCAS O REFRIGERADA",2017-01-01 00:00:00, Alemania,Marítimo,45010.0,import
62,"0541 PATATAS, FRESCAS O REFRIGERADA",2017-03-01 00:00:00, Alemania,Marítimo,10.0,import
63,"0541 PATATAS, FRESCAS O REFRIGERADA",2017-04-01 00:00:00, Alemania,Marítimo,205000.0,import
64,"0541 PATATAS, FRESCAS O REFRIGERADA",2017-05-01 00:00:00, Alemania,Marítimo,10.0,import
65,"0541 PATATAS, FRESCAS O REFRIGERADA",2017-06-01 00:00:00, Alemania,Marítimo,190.06,import
66,"0541 PATATAS, FRESCAS O REFRIGERADA",2017-01-01 00:00:00, Alemania,Carretera,749976.0,import
67,"0541 PATATAS, FRESCAS O REFRIGERADA",2017-02-01 00:00:00, Alemania,Carretera,481368.0,import
68,"0541 PATATAS, FRESCAS O REFRIGERADA",2017-03-01 00:00:00, Alemania,Carretera,295016.82,import
69,"0541 PATATAS, FRESCAS O REFRIGERADA",2017-04-01 00:00:00, Alemania,Carretera,193544.0,import
70,"0541 PATATAS, FRESCAS O REFRIGERADA",2017-05-01 00:00:00, Alemania,Carretera,65.0,import
71,"0541 PATATAS, FRESCAS O REFRIGERADA",2017-06-01 00:00:00, Alemania,Carretera,7701.0,import
74,"0541 PATATAS, FRESCAS O REFRIGERADA",2017-03-01 00:00:00, Alemania,Aire,10.0,import
77,"0541 PATATAS, FRESCAS O REFRIGERADA",2017-06-01 00:00:00, Alemania,Aire,823.0,import
84,"0541 PATATAS, FRESCAS O REFRIGERADA",2017-01-01 00:00:00, Italia,Carretera,123597.0,import
85,"0541 PATATAS, FRESCAS O REFRIGERADA",2017-02-01 00:00:00, Italia,Carretera,170379.0,import
86,"0541 PATATAS, FRESCAS O REFRIGERADA",2017-03-01 00:00:00, Italia,Carretera,257140.5,import
87,"0541 PATATAS, FRESCAS O REFRIGERADA",2017-04-01 00:00:00, Italia,Carretera,146615.0,import
88,"0541 PATATAS, FRESCAS O REFRIGERADA",2017-05-01 00:00:00, Italia,Carretera,24118.0,import
89,"0541 PATATAS, FRESCAS O REFRIGERADA",2017-06-01 00:00:00, Italia,Carretera,12497.6,import
96,"0541 PATATAS, FRESCAS O REFRIGERADA",2017-01-01 00:00:00, Reino Unido,Marítimo,4185373.0,import
97,"0541 PATATAS, FRESCAS O REFRIGERADA",2017-02-01 00:00:00, Reino Unido,Marítimo,5025902.0,import
98,"0541 PATATAS, FRESCAS O REFRIGERADA",2017-03-01 00:00:00, Reino Unido,Marítimo,4126990.0,import
99,"0541 PATATAS, FRESCAS O REFRIGERADA",2017-04-01 00:00:00, Reino Unido,Marítimo,776144.0,import
100,"0541 PATATAS, FRESCAS O REFRIGERADA",2017-05-01 00:00:00, Reino Unido,Marítimo,240750.0,import
101,"0541 PATATAS, FRESCAS O REFRIGERADA",2017-06-01 00:00:00, Reino Unido,Marítimo,49620.0,import
102,"0541 PATATAS, FRESCAS O REFRIGERADA",2017-01-01 00:00:00, Reino Unido,Carretera,384350.08,import
103,"0541 PATATAS, FRESCAS O REFRIGERADA",2017-02-01 00:00:00, Reino Unido,Carretera,611684.08,import
104,"0541 PATATAS, FRESCAS O REFRIGERADA",2017-03-01 00:00:00, Reino Unido,Carretera,1725461.16,import
105,"0541 PATATAS, FRESCAS O REFRIGERADA",2017-04-01 00:00:00, Reino Unido,Carretera,1943480.16,import
106,"0541 PATATAS, FRESCAS O REFRIGERADA",2017-05-01 00:00:00, Reino Unido,Carretera,2838816.38,import
107,"0541 PATATAS, FRESCAS O REFRIGERADA",2017-06-01 00:00:00, Reino Unido,Carretera,55731.08,import
114,"0541 PATATAS, FRESCAS O REFRIGERADA",2017-01-01 00:00:00, Irlanda,Marítimo,200.0,import
115,"0541 PATATAS, FRESCAS O REFRIGERADA",2017-02-01 00:00:00, Irlanda,Marítimo,24650.0,import
122,"0541 PATATAS, FRESCAS O REFRIGERADA",2017-03-01 00:00:00, Irlanda,Carretera,22360.0,import
132,"0541 PATATAS, FRESCAS O REFRIGERADA",2017-01-01 00:00:00, Dinamarca,Marítimo,401620.0,import
133,"0541 PATATAS, FRESCAS O REFRIGERADA",2017-02-01 00:00:00, Dinamarca,Marítimo,555500.0,import
134,"0541 PATATAS, FRESCAS O REFRIGERADA",2017-03-01 00:00:00, Dinamarca,Marítimo,1166145.0,import
135,"0541 PATATAS, FRESCAS O REFRIGERADA",2017-04-01 00:00:00, Dinamarca,Marítimo,159460.0,import
136,"0541 PATATAS, FRESCAS O REFRIGERADA",2017-05-01 00:00:00, Dinamarca,Marítimo,129460.0,import
138,"0541 PATATAS, FRESCAS O REFRIGERADA",2017-01-01 00:00:00, Dinamarca,Carretera,24001.0,import
139,"0541 PATATAS, FRESCAS O REFRIGERADA",2017-02-01 00:00:00, Dinamarca,Carretera,98270.0,import
140,"0541 PATATAS, FRESCAS O REFRIGERADA",2017-03-01 00:00:00, Dinamarca,Carretera,149375.0,import
141,"0541 PATATAS, FRESCAS O REFRIGERADA",2017-04-01 00:00:00, Dinamarca,Carretera,58652.0,import
142,"0541 PATATAS, FRESCAS O REFRIGERADA",2017-05-01 00:00:00, Dinamarca,Carretera,49151.38,import
143,"0541 PATATAS, FRESCAS O REFRIGERADA",2017-06-01 00:00:00, Dinamarca,Carretera,24034.0,import
151,"0541 PATATAS, FRESCAS O REFRIGERADA",2017-02-01 00:00:00, Grecia,Carretera,30000.0,import
152,"0541 PATATAS, FRESCAS O REFRIGERADA",2017-03-01 00:00:00, Grecia,Carretera,96600.0,import
153,"0541 PATATAS, FRESCAS O REFRIGERADA",2017-04-01 00:00:00, Grecia,Carretera,23000.0,import
162,"0541 PATATAS, FRESCAS O REFRIGERADA",2017-01-01 00:00:00, Portugal,Marítimo,23750.0,import
163,"0541 PATATAS, FRESCAS O REFRIGERADA",2017-02-01 00:00:00, Portugal,Marítimo,23750.0,import
168,"0541 PATATAS, FRESCAS O REFRIGERADA",2017-01-01 00:00:00, Portugal,Carretera,416697.0,import
169,"0541 PATATAS, FRESCAS O REFRIGERADA",2017-02-01 00:00:00, Portugal,Carretera,431958.0,import
170,"0541 PATATAS, FRESCAS O REFRIGERADA",2017-03-01 00:00:00, Portugal,Carretera,872115.0,import
171,"0541 PATATAS, FRESCAS O REFRIGERADA",2017-04-01 00:00:00, Portugal,Carretera,533157.23,import
172,"0541 PATATAS, FRESCAS O REFRIGERADA",2017-05-01 00:00:00, Portugal,Carretera,1657835.88,import
173,"0541 PATATAS, FRESCAS O REFRIGERADA",2017-06-01 00:00:00, Portugal,Carretera,8054788.04,import
180,"0541 PATATAS, FRESCAS O REFRIGERADA",2017-01-01 00:00:00, Bélgica,Carretera,2199420.0,import
181,"0541 PATATAS, FRESCAS O REFRIGERADA",2017-02-01 00:00:00, Bélgica,Carretera,2781248.0,import
182,"0541 PATATAS, FRESCAS O REFRIGERADA",2017-03-01 00:00:00, Bélgica,Carretera,3320417.0,import
183,"0541 PATATAS, FRESCAS O REFRIGERADA",2017-04-01 00:00:00, Bélgica,Carretera,1874368.75,import
184,"0541 PATATAS, FRESCAS O REFRIGERADA",2017-05-01 00:00:00, Bélgica,Carretera,1659067.2,import
185,"0541 PATATAS, FRESCAS O REFRIGERADA",2017-06-01 00:00:00, Bélgica,Carretera,457117.0,import
192,"0541 PATATAS, FRESCAS O REFRIGERADA",2017-01-01 00:00:00, Luxemburgo,Carretera,362110.0,import
193,"0541 PATATAS, FRESCAS O REFRIGERADA",2017-02-01 00:00:00, Luxemburgo,Carretera,477330.0,import
194,"0541 PATATAS, FRESCAS O REFRIGERADA",2017-03-01 00:00:00, Luxemburgo,Carretera,395200.0,import
195,"0541 PATATAS, FRESCAS O REFRIGERADA",2017-04-01 00:00:00, Luxemburgo,Carretera,296720.0,import
196,"0541 PATATAS, FRESCAS O REFRIGERADA",2017-05-01 00:00:00, Luxemburgo,Carretera,149640.0,import
197,"0541 PATATAS, FRESCAS O REFRIGERADA",2017-06-01 00:00:00, Luxemburgo,Carretera,25050.0,import
204,"0541 PATATAS, FRESCAS O REFRIGERADA",2017-01-01 00:00:00, Suecia,Marítimo,171380.0,import
205,"0541 PATATAS, FRESCAS O REFRIGERADA",2017-02-01 00:00:00, Suecia,Marítimo,151200.0,import
206,"0541 PATATAS, FRESCAS O REFRIGERADA",2017-03-01 00:00:00, Suecia,Marítimo,74590.0,import
208,"0541 PATATAS, FRESCAS O REFRIGERADA",2017-05-01 00:00:00, Suecia,Marítimo,25000.0,import
211,"0541 PATATAS, FRESCAS O REFRIGERADA",2017-02-01 00:00:00, Suecia,Carretera,30.0,import
212,"0541 PATATAS, FRESCAS O REFRIGERADA",2017-03-01 00:00:00, Suecia,Carretera,10.0,import
213,"0541 PATATAS, FRESCAS O REFRIGERADA",2017-04-01 00:00:00, Suecia,Carretera,32.0,import
214,"0541 PATATAS, FRESCAS O REFRIGERADA",2017-05-01 00:00:00, Suecia,Carretera,9.0,import
215,"0541 PATATAS, FRESCAS O REFRIGERADA",2017-06-01 00:00:00, Suecia,Carretera,74.0,import
223,"0541 PATATAS, FRESCAS O REFRIGERADA",2017-02-01 00:00:00, Austria,Carretera,1890.0,import
235,"0541 PATATAS, FRESCAS O REFRIGERADA",2017-02-01 00:00:00, Suiza,Carretera,110000.0,import
236,"0541 PATATAS, FRESCAS O REFRIGERADA",2017-03-01 00:00:00, Suiza,Carretera,132000.0,import
237,"0541 PATATAS, FRESCAS O REFRIGERADA",2017-04-01 00:00:00, Suiza,Carretera,59400.0,import
250,"0541 PATATAS, FRESCAS O REFRIGERADA",2017-05-01 00:00:00, Malta,Marítimo,50000.0,import
251,"0541 PATATAS, FRESCAS O REFRIGERADA",2017-06-01 00:00:00, Malta,Marítimo,50000.0,import
258,"0541 PATATAS, FRESCAS O REFRIGERADA",2017-01-01 00:00:00, Polonia,Carretera,157500.0,import
261,"0541 PATATAS, FRESCAS O REFRIGERADA",2017-04-01 00:00:00, Polonia,Carretera,23000.0,import
271,"0541 PATATAS, FRESCAS O REFRIGERADA",2017-02-01 00:00:00, Rumanía,Carretera,22500.0,import
282,"0541 PATATAS, FRESCAS O REFRIGERADA",2017-01-01 00:00:00, Marruecos,Marítimo,410504.0,import
283,"0541 PATATAS, FRESCAS O REFRIGERADA",2017-02-01 00:00:00, Marruecos,Marítimo,611395.0,import
284,"0541 PATATAS, FRESCAS O REFRIGERADA",2017-03-01 00:00:00, Marruecos,Marítimo,1328382.0,import
285,"0541 PATATAS, FRESCAS O REFRIGERADA",2017-04-01 00:00:00, Marruecos,Marítimo,1542434.0,import
286,"0541 PATATAS, FRESCAS O REFRIGERADA",2017-05-01 00:00:00, Marruecos,Marítimo,465560.0,import
288,"0541 PATATAS, FRESCAS O REFRIGERADA",2017-01-01 00:00:00, Marruecos,Carretera,70098.0,import
289,"0541 PATATAS, FRESCAS O REFRIGERADA",2017-02-01 00:00:00, Marruecos,Carretera,59014.0,import
290,"0541 PATATAS, FRESCAS O REFRIGERADA",2017-03-01 00:00:00, Marruecos,Carretera,70644.0,import
291,"0541 PATATAS, FRESCAS O REFRIGERADA",2017-04-01 00:00:00, Marruecos,Carretera,55374.0,import
292,"0541 PATATAS, FRESCAS O REFRIGERADA",2017-05-01 00:00:00, Marruecos,Carretera,58225.0,import
293,"0541 PATATAS, FRESCAS O REFRIGERADA",2017-06-01 00:00:00, Marruecos,Carretera,52589.0,import
300,"0541 PATATAS, FRESCAS O REFRIGERADA",2017-01-01 00:00:00, Argelia,Marítimo,184440.0,import
301,"0541 PATATAS, FRESCAS O REFRIGERADA",2017-02-01 00:00:00, Argelia,Marítimo,23760.0,import
302,"0541 PATATAS, FRESCAS O REFRIGERADA",2017-03-01 00:00:00, Argelia,Marítimo,23760.0,import
313,"0541 PATATAS, FRESCAS O REFRIGERADA",2017-02-01 00:00:00, Egipto,Marítimo,75000.0,import
314,"0541 PATATAS, FRESCAS O REFRIGERADA",2017-03-01 00:00:00, Egipto,Marítimo,577500.0,import
315,"0541 PATATAS, FRESCAS O REFRIGERADA",2017-04-01 00:00:00, Egipto,Marítimo,474000.0,import
316,"0541 PATATAS, FRESCAS O REFRIGERADA",2017-05-01 00:00:00, Egipto,Marítimo,27500.0,import
320,"0541 PATATAS, FRESCAS O REFRIGERADA",2017-03-01 00:00:00, Egipto,Carretera,220000.0,import
330,"0541 PATATAS, FRESCAS O REFRIGERADA",2017-01-01 00:00:00, Costa de Marfil,Carretera,45547.0,import
346,"0541 PATATAS, FRESCAS O REFRIGERADA",2017-05-01 00:00:00, Sudáfrica,Carretera,158490.0,import
358,"0541 PATATAS, FRESCAS O REFRIGERADA",2017-05-01 00:00:00, Estados Unidos,Carretera,360.0,import
359,"0541 PATATAS, FRESCAS O REFRIGERADA",2017-06-01 00:00:00, Estados Unidos,Carretera,1668.0,import
366,"0541 PATATAS, FRESCAS O REFRIGERADA",2017-01-01 00:00:00, México,Carretera,23.0,import
367,"0541 PATATAS, FRESCAS O REFRIGERADA",2017-02-01 00:00:00, México,Carretera,5.0,import
368,"0541 PATATAS, FRESCAS O REFRIGERADA",2017-03-01 00:00:00, México,Carretera,5.0,import
370,"0541 PATATAS, FRESCAS O REFRIGERADA",2017-05-01 00:00:00, México,Carretera,58.5,import
380,"0541 PATATAS, FRESCAS O REFRIGERADA",2017-03-01 00:00:00, Perú,Aire,134.0,import
381,"0541 PATATAS, FRESCAS O REFRIGERADA",2017-04-01 00:00:00, Perú,Aire,209.0,import
382,"0541 PATATAS, FRESCAS O REFRIGERADA",2017-05-01 00:00:00, Perú,Aire,98.0,import
383,"0541 PATATAS, FRESCAS O REFRIGERADA",2017-06-01 00:00:00, Perú,Aire,162.0,import
393,"0541 PATATAS, FRESCAS O REFRIGERADA",2017-04-01 00:00:00, Chipre,Marítimo,24000.0,import
395,"0541 PATATAS, FRESCAS O REFRIGERADA",2017-06-01 00:00:00, Chipre,Marítimo,24320.0,import
403,"0541 PATATAS, FRESCAS O REFRIGERADA",2017-02-01 00:00:00, Israel,Marítimo,405000.0,import
404,"0541 PATATAS, FRESCAS O REFRIGERADA",2017-03-01 00:00:00, Israel,Marítimo,3177900.0,import
405,"0541 PATATAS, FRESCAS O REFRIGERADA",2017-04-01 00:00:00, Israel,Marítimo,4206600.0,import
406,"0541 PATATAS, FRESCAS O REFRIGERADA",2017-05-01 00:00:00, Israel,Marítimo,648000.0,import
407,"0541 PATATAS, FRESCAS O REFRIGERADA",2017-06-01 00:00:00, Israel,Marítimo,243000.0,import
36,"0541 PATATAS, FRESCAS O REFRIGERADA",2016-01-01 00:00:00, Francia,Carretera,61141273.63,import
37,"0541 PATATAS, FRESCAS O REFRIGERADA",2016-02-01 00:00:00, Francia,Carretera,71680522.05,import
38,"0541 PATATAS, FRESCAS O REFRIGERADA",2016-03-01 00:00:00, Francia,Carretera,72165315.33,import
39,"0541 PATATAS, FRESCAS O REFRIGERADA",2016-04-01 00:00:00, Francia,Carretera,57935136.17,import
40,"0541 PATATAS, FRESCAS O REFRIGERADA",2016-05-01 00:00:00, Francia,Carretera,38776906.43,import
41,"0541 PATATAS, FRESCAS O REFRIGERADA",2016-06-01 00:00:00, Francia,Carretera,19034254.04,import
50,"0541 PATATAS, FRESCAS O REFRIGERADA",2016-01-01 00:00:00, Países Bajos,Carretera,10974219.6,import
51,"0541 PATATAS, FRESCAS O REFRIGERADA",2016-02-01 00:00:00, Países Bajos,Carretera,9008401.75,import
52,"0541 PATATAS, FRESCAS O REFRIGERADA",2016-03-01 00:00:00, Países Bajos,Carretera,12660106.05,import
53,"0541 PATATAS, FRESCAS O REFRIGERADA",2016-04-01 00:00:00, Países Bajos,Carretera,9907188.64,import
54,"0541 PATATAS, FRESCAS O REFRIGERADA",2016-05-01 00:00:00, Países Bajos,Carretera,7664291.73,import
55,"0541 PATATAS, FRESCAS O REFRIGERADA",2016-06-01 00:00:00, Países Bajos,Carretera,1552757.0,import
64,"0541 PATATAS, FRESCAS O REFRIGERADA",2016-01-01 00:00:00, Alemania,Marítimo,60010.0,import
65,"0541 PATATAS, FRESCAS O REFRIGERADA",2016-02-01 00:00:00, Alemania,Marítimo,220.0,import
66,"0541 PATATAS, FRESCAS O REFRIGERADA",2016-03-01 00:00:00, Alemania,Marítimo,235010.0,import
67,"0541 PATATAS, FRESCAS O REFRIGERADA",2016-04-01 00:00:00, Alemania,Marítimo,160090.0,import
68,"0541 PATATAS, FRESCAS O REFRIGERADA",2016-05-01 00:00:00, Alemania,Marítimo,120190.0,import
69,"0541 PATATAS, FRESCAS O REFRIGERADA",2016-06-01 00:00:00, Alemania,Marítimo,105270.0,import
71,"0541 PATATAS, FRESCAS O REFRIGERADA",2016-01-01 00:00:00, Alemania,Carretera,92449.0,import
72,"0541 PATATAS, FRESCAS O REFRIGERADA",2016-02-01 00:00:00, Alemania,Carretera,37394.4,import
73,"0541 PATATAS, FRESCAS O REFRIGERADA",2016-03-01 00:00:00, Alemania,Carretera,21061.05,import
74,"0541 PATATAS, FRESCAS O REFRIGERADA",2016-04-01 00:00:00, Alemania,Carretera,200563.7,import
75,"0541 PATATAS, FRESCAS O REFRIGERADA",2016-05-01 00:00:00, Alemania,Carretera,21170.2,import
76,"0541 PATATAS, FRESCAS O REFRIGERADA",2016-06-01 00:00:00, Alemania,Carretera,587.7,import
85,"0541 PATATAS, FRESCAS O REFRIGERADA",2016-01-01 00:00:00, Italia,Carretera,103.0,import
86,"0541 PATATAS, FRESCAS O REFRIGERADA",2016-02-01 00:00:00, Italia,Carretera,3877.0,import
87,"0541 PATATAS, FRESCAS O REFRIGERADA",2016-03-01 00:00:00, Italia,Carretera,352293.56,import
88,"0541 PATATAS, FRESCAS O REFRIGERADA",2016-04-01 00:00:00, Italia,Carretera,88775.0,import
89,"0541 PATATAS, FRESCAS O REFRIGERADA",2016-05-01 00:00:00, Italia,Carretera,30430.0,import
90,"0541 PATATAS, FRESCAS O REFRIGERADA",2016-06-01 00:00:00, Italia,Carretera,900.0,import
99,"0541 PATATAS, FRESCAS O REFRIGERADA",2016-01-01 00:00:00, Reino Unido,Marítimo,6395529.0,import
100,"0541 PATATAS, FRESCAS O REFRIGERADA",2016-02-01 00:00:00, Reino Unido,Marítimo,4809116.0,import
101,"0541 PATATAS, FRESCAS O REFRIGERADA",2016-03-01 00:00:00, Reino Unido,Marítimo,4204955.0,import
102,"0541 PATATAS, FRESCAS O REFRIGERADA",2016-04-01 00:00:00, Reino Unido,Marítimo,2045304.0,import
103,"0541 PATATAS, FRESCAS O REFRIGERADA",2016-05-01 00:00:00, Reino Unido,Marítimo,124750.0,import
104,"0541 PATATAS, FRESCAS O REFRIGERADA",2016-06-01 00:00:00, Reino Unido,Marítimo,50000.0,import
106,"0541 PATATAS, FRESCAS O REFRIGERADA",2016-01-01 00:00:00, Reino Unido,Carretera,906232.1,import
107,"0541 PATATAS, FRESCAS O REFRIGERADA",2016-02-01 00:00:00, Reino Unido,Carretera,923392.43,import
108,"0541 PATATAS, FRESCAS O REFRIGERADA",2016-03-01 00:00:00, Reino Unido,Carretera,1179890.0,import
109,"0541 PATATAS, FRESCAS O REFRIGERADA",2016-04-01 00:00:00, Reino Unido,Carretera,963415.35,import
110,"0541 PATATAS, FRESCAS O REFRIGERADA",2016-05-01 00:00:00, Reino Unido,Carretera,1076945.1,import
111,"0541 PATATAS, FRESCAS O REFRIGERADA",2016-06-01 00:00:00, Reino Unido,Carretera,132591.0,import
113,"0541 PATATAS, FRESCAS O REFRIGERADA",2016-01-01 00:00:00, Reino Unido,Aire,3.0,import
127,"0541 PATATAS, FRESCAS O REFRIGERADA",2016-01-01 00:00:00, Irlanda,Marítimo,265.5,import
141,"0541 PATATAS, FRESCAS O REFRIGERADA",2016-01-01 00:00:00, Dinamarca,Marítimo,812220.0,import
142,"0541 PATATAS, FRESCAS O REFRIGERADA",2016-02-01 00:00:00, Dinamarca,Marítimo,817780.0,import
143,"0541 PATATAS, FRESCAS O REFRIGERADA",2016-03-01 00:00:00, Dinamarca,Marítimo,550000.0,import
144,"0541 PATATAS, FRESCAS O REFRIGERADA",2016-04-01 00:00:00, Dinamarca,Marítimo,365525.0,import
145,"0541 PATATAS, FRESCAS O REFRIGERADA",2016-05-01 00:00:00, Dinamarca,Marítimo,26620.0,import
146,"0541 PATATAS, FRESCAS O REFRIGERADA",2016-06-01 00:00:00, Dinamarca,Marítimo,27240.0,import
148,"0541 PATATAS, FRESCAS O REFRIGERADA",2016-01-01 00:00:00, Dinamarca,Carretera,24704.0,import
149,"0541 PATATAS, FRESCAS O REFRIGERADA",2016-02-01 00:00:00, Dinamarca,Carretera,77000.0,import
150,"0541 PATATAS, FRESCAS O REFRIGERADA",2016-03-01 00:00:00, Dinamarca,Carretera,270450.0,import
151,"0541 PATATAS, FRESCAS O REFRIGERADA",2016-04-01 00:00:00, Dinamarca,Carretera,370443.0,import
152,"0541 PATATAS, FRESCAS O REFRIGERADA",2016-05-01 00:00:00, Dinamarca,Carretera,170443.41,import
153,"0541 PATATAS, FRESCAS O REFRIGERADA",2016-06-01 00:00:00, Dinamarca,Carretera,24000.0,import
164,"0541 PATATAS, FRESCAS O REFRIGERADA",2016-03-01 00:00:00, Grecia,Carretera,46250.0,import
165,"0541 PATATAS, FRESCAS O REFRIGERADA",2016-04-01 00:00:00, Grecia,Carretera,13000.0,import
176,"0541 PATATAS, FRESCAS O REFRIGERADA",2016-01-01 00:00:00, Portugal,Marítimo,15400.0,import
183,"0541 PATATAS, FRESCAS O REFRIGERADA",2016-01-01 00:00:00, Portugal,Carretera,184525.0,import
184,"0541 PATATAS, FRESCAS O REFRIGERADA",2016-02-01 00:00:00, Portugal,Carretera,206820.0,import
185,"0541 PATATAS, FRESCAS O REFRIGERADA",2016-03-01 00:00:00, Portugal,Carretera,718964.63,import
186,"0541 PATATAS, FRESCAS O REFRIGERADA",2016-04-01 00:00:00, Portugal,Carretera,783497.5,import
187,"0541 PATATAS, FRESCAS O REFRIGERADA",2016-05-01 00:00:00, Portugal,Carretera,157536.63,import
188,"0541 PATATAS, FRESCAS O REFRIGERADA",2016-06-01 00:00:00, Portugal,Carretera,7306000.25,import
198,"0541 PATATAS, FRESCAS O REFRIGERADA",2016-02-01 00:00:00, Bélgica,Marítimo,1800.0,import
200,"0541 PATATAS, FRESCAS O REFRIGERADA",2016-04-01 00:00:00, Bélgica,Marítimo,900.0,import
201,"0541 PATATAS, FRESCAS O REFRIGERADA",2016-05-01 00:00:00, Bélgica,Marítimo,900.0,import
204,"0541 PATATAS, FRESCAS O REFRIGERADA",2016-01-01 00:00:00, Bélgica,Carretera,788278.0,import
205,"0541 PATATAS, FRESCAS O REFRIGERADA",2016-02-01 00:00:00, Bélgica,Carretera,1699176.0,import
206,"0541 PATATAS, FRESCAS O REFRIGERADA",2016-03-01 00:00:00, Bélgica,Carretera,1854435.0,import
207,"0541 PATATAS, FRESCAS O REFRIGERADA",2016-04-01 00:00:00, Bélgica,Carretera,4428651.95,import
208,"0541 PATATAS, FRESCAS O REFRIGERADA",2016-05-01 00:00:00, Bélgica,Carretera,4426518.0,import
209,"0541 PATATAS, FRESCAS O REFRIGERADA",2016-06-01 00:00:00, Bélgica,Carretera,1810937.0,import
218,"0541 PATATAS, FRESCAS O REFRIGERADA",2016-01-01 00:00:00, Luxemburgo,Carretera,655070.0,import
219,"0541 PATATAS, FRESCAS O REFRIGERADA",2016-02-01 00:00:00, Luxemburgo,Carretera,539650.0,import
220,"0541 PATATAS, FRESCAS O REFRIGERADA",2016-03-01 00:00:00, Luxemburgo,Carretera,554895.0,import
221,"0541 PATATAS, FRESCAS O REFRIGERADA",2016-04-01 00:00:00, Luxemburgo,Carretera,459154.0,import
222,"0541 PATATAS, FRESCAS O REFRIGERADA",2016-05-01 00:00:00, Luxemburgo,Carretera,295000.0,import
223,"0541 PATATAS, FRESCAS O REFRIGERADA",2016-06-01 00:00:00, Luxemburgo,Carretera,49200.0,import
232,"0541 PATATAS, FRESCAS O REFRIGERADA",2016-01-01 00:00:00, Suecia,Marítimo,127000.0,import
233,"0541 PATATAS, FRESCAS O REFRIGERADA",2016-02-01 00:00:00, Suecia,Marítimo,49800.0,import
234,"0541 PATATAS, FRESCAS O REFRIGERADA",2016-03-01 00:00:00, Suecia,Marítimo,52000.0,import
235,"0541 PATATAS, FRESCAS O REFRIGERADA",2016-04-01 00:00:00, Suecia,Marítimo,78000.0,import
236,"0541 PATATAS, FRESCAS O REFRIGERADA",2016-05-01 00:00:00, Suecia,Marítimo,26000.0,import
239,"0541 PATATAS, FRESCAS O REFRIGERADA",2016-01-01 00:00:00, Suecia,Carretera,11.0,import
240,"0541 PATATAS, FRESCAS O REFRIGERADA",2016-02-01 00:00:00, Suecia,Carretera,31.0,import
242,"0541 PATATAS, FRESCAS O REFRIGERADA",2016-04-01 00:00:00, Suecia,Carretera,11.0,import
243,"0541 PATATAS, FRESCAS O REFRIGERADA",2016-05-01 00:00:00, Suecia,Carretera,22.0,import
244,"0541 PATATAS, FRESCAS O REFRIGERADA",2016-06-01 00:00:00, Suecia,Carretera,20.0,import
254,"0541 PATATAS, FRESCAS O REFRIGERADA",2016-02-01 00:00:00, Suiza,Carretera,22000.0,import
255,"0541 PATATAS, FRESCAS O REFRIGERADA",2016-03-01 00:00:00, Suiza,Carretera,12100.0,import
271,"0541 PATATAS, FRESCAS O REFRIGERADA",2016-05-01 00:00:00, Malta,Marítimo,25000.0,import
281,"0541 PATATAS, FRESCAS O REFRIGERADA",2016-01-01 00:00:00, Polonia,Carretera,90000.0,import
299,"0541 PATATAS, FRESCAS O REFRIGERADA",2016-05-01 00:00:00, Hungría,Carretera,900.0,import
311,"0541 PATATAS, FRESCAS O REFRIGERADA",2016-03-01 00:00:00, Georgia,Carretera,1440.0,import
324,"0541 PATATAS, FRESCAS O REFRIGERADA",2016-02-01 00:00:00, Marruecos,Marítimo,169971.0,import
325,"0541 PATATAS, FRESCAS O REFRIGERADA",2016-03-01 00:00:00, Marruecos,Marítimo,1859352.0,import
326,"0541 PATATAS, FRESCAS O REFRIGERADA",2016-04-01 00:00:00, Marruecos,Marítimo,1668617.0,import
327,"0541 PATATAS, FRESCAS O REFRIGERADA",2016-05-01 00:00:00, Marruecos,Marítimo,1482336.0,import
328,"0541 PATATAS, FRESCAS O REFRIGERADA",2016-06-01 00:00:00, Marruecos,Marítimo,481968.0,import
330,"0541 PATATAS, FRESCAS O REFRIGERADA",2016-01-01 00:00:00, Marruecos,Carretera,192880.0,import
331,"0541 PATATAS, FRESCAS O REFRIGERADA",2016-02-01 00:00:00, Marruecos,Carretera,63764.0,import
332,"0541 PATATAS, FRESCAS O REFRIGERADA",2016-03-01 00:00:00, Marruecos,Carretera,62600.0,import
333,"0541 PATATAS, FRESCAS O REFRIGERADA",2016-04-01 00:00:00, Marruecos,Carretera,58400.0,import
334,"0541 PATATAS, FRESCAS O REFRIGERADA",2016-05-01 00:00:00, Marruecos,Carretera,149905.0,import
335,"0541 PATATAS, FRESCAS O REFRIGERADA",2016-06-01 00:00:00, Marruecos,Carretera,55645.0,import
344,"0541 PATATAS, FRESCAS O REFRIGERADA",2016-01-01 00:00:00, Argelia,Marítimo,139320.0,import
345,"0541 PATATAS, FRESCAS O REFRIGERADA",2016-02-01 00:00:00, Argelia,Marítimo,248480.0,import
346,"0541 PATATAS, FRESCAS O REFRIGERADA",2016-03-01 00:00:00, Argelia,Marítimo,73400.0,import
361,"0541 PATATAS, FRESCAS O REFRIGERADA",2016-04-01 00:00:00, Egipto,Marítimo,25000.0,import
363,"0541 PATATAS, FRESCAS O REFRIGERADA",2016-06-01 00:00:00, Egipto,Marítimo,51200.0,import
377,"0541 PATATAS, FRESCAS O REFRIGERADA",2016-06-01 00:00:00, Camerún,Carretera,23940.0,import
389,"0541 PATATAS, FRESCAS O REFRIGERADA",2016-04-01 00:00:00, Estados Unidos,Carretera,1800.0,import
400,"0541 PATATAS, FRESCAS O REFRIGERADA",2016-01-01 00:00:00, México,Carretera,4.5,import
402,"0541 PATATAS, FRESCAS O REFRIGERADA",2016-03-01 00:00:00, México,Carretera,13.5,import
405,"0541 PATATAS, FRESCAS O REFRIGERADA",2016-06-01 00:00:00, México,Carretera,27.0,import
417,"0541 PATATAS, FRESCAS O REFRIGERADA",2016-04-01 00:00:00, Perú,Carretera,3.0,import
419,"0541 PATATAS, FRESCAS O REFRIGERADA",2016-06-01 00:00:00, Perú,Carretera,3.0,import
428,"0541 PATATAS, FRESCAS O REFRIGERADA",2016-01-01 00:00:00, Chipre,Marítimo,101600.0,import
429,"0541 PATATAS, FRESCAS O REFRIGERADA",2016-02-01 00:00:00, Chipre,Marítimo,49800.0,import
430,"0541 PATATAS, FRESCAS O REFRIGERADA",2016-03-01 00:00:00, Chipre,Marítimo,52500.0,import
432,"0541 PATATAS, FRESCAS O REFRIGERADA",2016-05-01 00:00:00, Chipre,Marítimo,24000.0,import
433,"0541 PATATAS, FRESCAS O REFRIGERADA",2016-06-01 00:00:00, Chipre,Marítimo,50000.0,import
446,"0541 PATATAS, FRESCAS O REFRIGERADA",2016-05-01 00:00:00, Líbano,Carretera,108.0,import
457,"0541 PATATAS, FRESCAS O REFRIGERADA",2016-02-01 00:00:00, Israel,Marítimo,216000.0,import
458,"0541 PATATAS, FRESCAS O REFRIGERADA",2016-03-01 00:00:00, Israel,Marítimo,7029500.0,import
459,"0541 PATATAS, FRESCAS O REFRIGERADA",2016-04-01 00:00:00, Israel,Marítimo,3364200.0,import
460,"0541 PATATAS, FRESCAS O REFRIGERADA",2016-05-01 00:00:00, Israel,Marítimo,378000.0,import
461,"0541 PATATAS, FRESCAS O REFRIGERADA",2016-06-01 00:00:00, Israel,Marítimo,216000.0,import
474,"0541 PATATAS, FRESCAS O REFRIGERADA",2016-05-01 00:00:00, Nueva Zelanda,Carretera,23750.0,import
488,"0541 PATATAS, FRESCAS O REFRIGERADA",2016-05-01 00:00:00, Países y territorios no determinados.Intraco.,Marítimo,500.0,import
36,"0541 PATATAS, FRESCAS O REFRIGERADA",2016-12-01 00:00:00, Francia,Marítimo,10500.0,import
43,"0541 PATATAS, FRESCAS O REFRIGERADA",2016-12-01 00:00:00, Francia,Carretera,77198518.06,import
44,"0541 PATATAS, FRESCAS O REFRIGERADA",2016-11-01 00:00:00, Francia,Carretera,52896893.08,import
45,"0541 PATATAS, FRESCAS O REFRIGERADA",2016-09-01 00:00:00, Francia,Carretera,24806799.23,import
46,"0541 PATATAS, FRESCAS O REFRIGERADA",2016-08-01 00:00:00, Francia,Carretera,7803967.99,import
47,"0541 PATATAS, FRESCAS O REFRIGERADA",2016-07-01 00:00:00, Francia,Carretera,4498361.6,import
48,"0541 PATATAS, FRESCAS O REFRIGERADA",2016-10-01 00:00:00, Francia,Carretera,30433346.85,import
57,"0541 PATATAS, FRESCAS O REFRIGERADA",2016-12-01 00:00:00, Países Bajos,Marítimo,87500.0,import
58,"0541 PATATAS, FRESCAS O REFRIGERADA",2016-11-01 00:00:00, Países Bajos,Marítimo,190000.0,import
60,"0541 PATATAS, FRESCAS O REFRIGERADA",2016-08-01 00:00:00, Países Bajos,Marítimo,256.0,import
62,"0541 PATATAS, FRESCAS O REFRIGERADA",2016-10-01 00:00:00, Países Bajos,Marítimo,95050.0,import
64,"0541 PATATAS, FRESCAS O REFRIGERADA",2016-12-01 00:00:00, Países Bajos,Carretera,11028529.45,import
65,"0541 PATATAS, FRESCAS O REFRIGERADA",2016-11-01 00:00:00, Países Bajos,Carretera,5934813.85,import
66,"0541 PATATAS, FRESCAS O REFRIGERADA",2016-09-01 00:00:00, Países Bajos,Carretera,2093912.5,import
67,"0541 PATATAS, FRESCAS O REFRIGERADA",2016-08-01 00:00:00, Países Bajos,Carretera,599271.72,import
68,"0541 PATATAS, FRESCAS O REFRIGERADA",2016-07-01 00:00:00, Países Bajos,Carretera,1116849.45,import
69,"0541 PATATAS, FRESCAS O REFRIGERADA",2016-10-01 00:00:00, Países Bajos,Carretera,1375470.7,import
78,"0541 PATATAS, FRESCAS O REFRIGERADA",2016-12-01 00:00:00, Alemania,Marítimo,12100.0,import
79,"0541 PATATAS, FRESCAS O REFRIGERADA",2016-11-01 00:00:00, Alemania,Marítimo,65300.0,import
80,"0541 PATATAS, FRESCAS O REFRIGERADA",2016-09-01 00:00:00, Alemania,Marítimo,130.0,import
81,"0541 PATATAS, FRESCAS O REFRIGERADA",2016-08-01 00:00:00, Alemania,Marítimo,80190.0,import
82,"0541 PATATAS, FRESCAS O REFRIGERADA",2016-07-01 00:00:00, Alemania,Marítimo,80140.0,import
83,"0541 PATATAS, FRESCAS O REFRIGERADA",2016-10-01 00:00:00, Alemania,Marítimo,80104.0,import
85,"0541 PATATAS, FRESCAS O REFRIGERADA",2016-12-01 00:00:00, Alemania,Carretera,1033546.0,import
86,"0541 PATATAS, FRESCAS O REFRIGERADA",2016-11-01 00:00:00, Alemania,Carretera,557097.5,import
87,"0541 PATATAS, FRESCAS O REFRIGERADA",2016-09-01 00:00:00, Alemania,Carretera,1311.0,import
88,"0541 PATATAS, FRESCAS O REFRIGERADA",2016-08-01 00:00:00, Alemania,Carretera,1081818.0,import
89,"0541 PATATAS, FRESCAS O REFRIGERADA",2016-07-01 00:00:00, Alemania,Carretera,303805.4,import
90,"0541 PATATAS, FRESCAS O REFRIGERADA",2016-10-01 00:00:00, Alemania,Carretera,5719.0,import
92,"0541 PATATAS, FRESCAS O REFRIGERADA",2016-12-01 00:00:00, Alemania,Aire,133.0,import
93,"0541 PATATAS, FRESCAS O REFRIGERADA",2016-11-01 00:00:00, Alemania,Aire,51.0,import
94,"0541 PATATAS, FRESCAS O REFRIGERADA",2016-09-01 00:00:00, Alemania,Aire,216.0,import
95,"0541 PATATAS, FRESCAS O REFRIGERADA",2016-08-01 00:00:00, Alemania,Aire,660.0,import
106,"0541 PATATAS, FRESCAS O REFRIGERADA",2016-12-01 00:00:00, Italia,Carretera,173560.0,import
107,"0541 PATATAS, FRESCAS O REFRIGERADA",2016-11-01 00:00:00, Italia,Carretera,23390.0,import
108,"0541 PATATAS, FRESCAS O REFRIGERADA",2016-09-01 00:00:00, Italia,Carretera,3965.0,import
109,"0541 PATATAS, FRESCAS O REFRIGERADA",2016-08-01 00:00:00, Italia,Carretera,46880.0,import
110,"0541 PATATAS, FRESCAS O REFRIGERADA",2016-07-01 00:00:00, Italia,Carretera,68335.0,import
111,"0541 PATATAS, FRESCAS O REFRIGERADA",2016-10-01 00:00:00, Italia,Carretera,18676.0,import
120,"0541 PATATAS, FRESCAS O REFRIGERADA",2016-12-01 00:00:00, Reino Unido,Marítimo,9306365.0,import
121,"0541 PATATAS, FRESCAS O REFRIGERADA",2016-11-01 00:00:00, Reino Unido,Marítimo,10037023.0,import
122,"0541 PATATAS, FRESCAS O REFRIGERADA",2016-09-01 00:00:00, Reino Unido,Marítimo,4862997.0,import
123,"0541 PATATAS, FRESCAS O REFRIGERADA",2016-08-01 00:00:00, Reino Unido,Marítimo,275000.0,import
124,"0541 PATATAS, FRESCAS O REFRIGERADA",2016-07-01 00:00:00, Reino Unido,Marítimo,25000.0,import
125,"0541 PATATAS, FRESCAS O REFRIGERADA",2016-10-01 00:00:00, Reino Unido,Marítimo,10371142.2,import
127,"0541 PATATAS, FRESCAS O REFRIGERADA",2016-12-01 00:00:00, Reino Unido,Carretera,647083.08,import
128,"0541 PATATAS, FRESCAS O REFRIGERADA",2016-11-01 00:00:00, Reino Unido,Carretera,588646.41,import
129,"0541 PATATAS, FRESCAS O REFRIGERADA",2016-09-01 00:00:00, Reino Unido,Carretera,177368.08,import
130,"0541 PATATAS, FRESCAS O REFRIGERADA",2016-08-01 00:00:00, Reino Unido,Carretera,167426.59,import
131,"0541 PATATAS, FRESCAS O REFRIGERADA",2016-07-01 00:00:00, Reino Unido,Carretera,36426.0,import
132,"0541 PATATAS, FRESCAS O REFRIGERADA",2016-10-01 00:00:00, Reino Unido,Carretera,797778.66,import
141,"0541 PATATAS, FRESCAS O REFRIGERADA",2016-12-01 00:00:00, Dinamarca,Marítimo,868530.0,import
142,"0541 PATATAS, FRESCAS O REFRIGERADA",2016-11-01 00:00:00, Dinamarca,Marítimo,722900.0,import
143,"0541 PATATAS, FRESCAS O REFRIGERADA",2016-09-01 00:00:00, Dinamarca,Marítimo,245860.0,import
146,"0541 PATATAS, FRESCAS O REFRIGERADA",2016-10-01 00:00:00, Dinamarca,Marítimo,976413.0,import
148,"0541 PATATAS, FRESCAS O REFRIGERADA",2016-12-01 00:00:00, Dinamarca,Carretera,24616.0,import
149,"0541 PATATAS, FRESCAS O REFRIGERADA",2016-11-01 00:00:00, Dinamarca,Carretera,24000.0,import
150,"0541 PATATAS, FRESCAS O REFRIGERADA",2016-09-01 00:00:00, Dinamarca,Carretera,24010.0,import
151,"0541 PATATAS, FRESCAS O REFRIGERADA",2016-08-01 00:00:00, Dinamarca,Carretera,48000.0,import
152,"0541 PATATAS, FRESCAS O REFRIGERADA",2016-07-01 00:00:00, Dinamarca,Carretera,24080.0,import
153,"0541 PATATAS, FRESCAS O REFRIGERADA",2016-10-01 00:00:00, Dinamarca,Carretera,24636.0,import
162,"0541 PATATAS, FRESCAS O REFRIGERADA",2016-12-01 00:00:00, Portugal,Marítimo,10100.0,import
169,"0541 PATATAS, FRESCAS O REFRIGERADA",2016-12-01 00:00:00, Portugal,Carretera,2506996.0,import
170,"0541 PATATAS, FRESCAS O REFRIGERADA",2016-11-01 00:00:00, Portugal,Carretera,3045797.0,import
171,"0541 PATATAS, FRESCAS O REFRIGERADA",2016-09-01 00:00:00, Portugal,Carretera,2115507.0,import
172,"0541 PATATAS, FRESCAS O REFRIGERADA",2016-08-01 00:00:00, Portugal,Carretera,1768087.2,import
173,"0541 PATATAS, FRESCAS O REFRIGERADA",2016-07-01 00:00:00, Portugal,Carretera,3168227.15,import
174,"0541 PATATAS, FRESCAS O REFRIGERADA",2016-10-01 00:00:00, Portugal,Carretera,434221.0,import
186,"0541 PATATAS, FRESCAS O REFRIGERADA",2016-08-01 00:00:00, Bélgica,Marítimo,900.0,import
190,"0541 PATATAS, FRESCAS O REFRIGERADA",2016-12-01 00:00:00, Bélgica,Carretera,479215.0,import
191,"0541 PATATAS, FRESCAS O REFRIGERADA",2016-11-01 00:00:00, Bélgica,Carretera,365303.0,import
192,"0541 PATATAS, FRESCAS O REFRIGERADA",2016-09-01 00:00:00, Bélgica,Carretera,383550.0,import
193,"0541 PATATAS, FRESCAS O REFRIGERADA",2016-08-01 00:00:00, Bélgica,Carretera,84304.0,import
194,"0541 PATATAS, FRESCAS O REFRIGERADA",2016-07-01 00:00:00, Bélgica,Carretera,356652.0,import
195,"0541 PATATAS, FRESCAS O REFRIGERADA",2016-10-01 00:00:00, Bélgica,Carretera,244280.88,import
204,"0541 PATATAS, FRESCAS O REFRIGERADA",2016-12-01 00:00:00, Luxemburgo,Carretera,124400.0,import
205,"0541 PATATAS, FRESCAS O REFRIGERADA",2016-11-01 00:00:00, Luxemburgo,Carretera,24820.0,import
207,"0541 PATATAS, FRESCAS O REFRIGERADA",2016-08-01 00:00:00, Luxemburgo,Carretera,77920.0,import
218,"0541 PATATAS, FRESCAS O REFRIGERADA",2016-12-01 00:00:00, Suecia,Marítimo,325070.0,import
219,"0541 PATATAS, FRESCAS O REFRIGERADA",2016-11-01 00:00:00, Suecia,Marítimo,348280.0,import
223,"0541 PATATAS, FRESCAS O REFRIGERADA",2016-10-01 00:00:00, Suecia,Marítimo,125600.0,import
225,"0541 PATATAS, FRESCAS O REFRIGERADA",2016-12-01 00:00:00, Suecia,Carretera,31.0,import
226,"0541 PATATAS, FRESCAS O REFRIGERADA",2016-11-01 00:00:00, Suecia,Carretera,11.0,import
227,"0541 PATATAS, FRESCAS O REFRIGERADA",2016-09-01 00:00:00, Suecia,Carretera,42.0,import
228,"0541 PATATAS, FRESCAS O REFRIGERADA",2016-08-01 00:00:00, Suecia,Carretera,22.0,import
230,"0541 PATATAS, FRESCAS O REFRIGERADA",2016-10-01 00:00:00, Suecia,Carretera,20.0,import
241,"0541 PATATAS, FRESCAS O REFRIGERADA",2016-09-01 00:00:00, Polonia,Carretera,44380.0,import
242,"0541 PATATAS, FRESCAS O REFRIGERADA",2016-08-01 00:00:00, Polonia,Carretera,36848.0,import
244,"0541 PATATAS, FRESCAS O REFRIGERADA",2016-10-01 00:00:00, Polonia,Carretera,22000.0,import
253,"0541 PATATAS, FRESCAS O REFRIGERADA",2016-12-01 00:00:00, Marruecos,Marítimo,25200.0,import
256,"0541 PATATAS, FRESCAS O REFRIGERADA",2016-08-01 00:00:00, Marruecos,Marítimo,143817.0,import
257,"0541 PATATAS, FRESCAS O REFRIGERADA",2016-07-01 00:00:00, Marruecos,Marítimo,169066.0,import
260,"0541 PATATAS, FRESCAS O REFRIGERADA",2016-12-01 00:00:00, Marruecos,Carretera,67283.0,import
261,"0541 PATATAS, FRESCAS O REFRIGERADA",2016-11-01 00:00:00, Marruecos,Carretera,58793.0,import
262,"0541 PATATAS, FRESCAS O REFRIGERADA",2016-09-01 00:00:00, Marruecos,Carretera,61646.0,import
263,"0541 PATATAS, FRESCAS O REFRIGERADA",2016-08-01 00:00:00, Marruecos,Carretera,64315.0,import
264,"0541 PATATAS, FRESCAS O REFRIGERADA",2016-07-01 00:00:00, Marruecos,Carretera,51590.0,import
265,"0541 PATATAS, FRESCAS O REFRIGERADA",2016-10-01 00:00:00, Marruecos,Carretera,61366.0,import
276,"0541 PATATAS, FRESCAS O REFRIGERADA",2016-09-01 00:00:00, Sudán,Carretera,400308.0,import
290,"0541 PATATAS, FRESCAS O REFRIGERADA",2016-09-01 00:00:00, Camerún,Carretera,347641.0,import
291,"0541 PATATAS, FRESCAS O REFRIGERADA",2016-08-01 00:00:00, Camerún,Carretera,186900.0,import
303,"0541 PATATAS, FRESCAS O REFRIGERADA",2016-11-01 00:00:00, México,Carretera,27.0,import
304,"0541 PATATAS, FRESCAS O REFRIGERADA",2016-09-01 00:00:00, México,Carretera,90.0,import
305,"0541 PATATAS, FRESCAS O REFRIGERADA",2016-08-01 00:00:00, México,Carretera,32.0,import
306,"0541 PATATAS, FRESCAS O REFRIGERADA",2016-07-01 00:00:00, México,Carretera,176.0,import
307,"0541 PATATAS, FRESCAS O REFRIGERADA",2016-10-01 00:00:00, México,Carretera,23079.0,import
316,"0541 PATATAS, FRESCAS O REFRIGERADA",2016-12-01 00:00:00, Surinam,Carretera,736877.0,import
333,"0541 PATATAS, FRESCAS O REFRIGERADA",2016-08-01 00:00:00, Perú,Carretera,3.0,import
339,"0541 PATATAS, FRESCAS O REFRIGERADA",2016-09-01 00:00:00, Perú,Aire,515.0,import
340,"0541 PATATAS, FRESCAS O REFRIGERADA",2016-08-01 00:00:00, Perú,Aire,175.0,import
355,"0541 PATATAS, FRESCAS O REFRIGERADA",2016-07-01 00:00:00, Chipre,Marítimo,24000.0,import
369,"0541 PATATAS, FRESCAS O REFRIGERADA",2016-07-01 00:00:00, Israel,Marítimo,162000.0,import
376,"0541 PATATAS, FRESCAS O REFRIGERADA",2016-07-01 00:00:00, Israel,Carretera,500.0,import
36,"0541 PATATAS, FRESCAS O REFRIGERADA",2014-01-01 00:00:00, Francia,Carretera,61556147.67,import
37,"0541 PATATAS, FRESCAS O REFRIGERADA",2014-02-01 00:00:00, Francia,Carretera,52886443.04,import
38,"0541 PATATAS, FRESCAS O REFRIGERADA",2014-04-01 00:00:00, Francia,Carretera,53513278.22,import
39,"0541 PATATAS, FRESCAS O REFRIGERADA",2014-03-01 00:00:00, Francia,Carretera,62297258.03,import
40,"0541 PATATAS, FRESCAS O REFRIGERADA",2014-05-01 00:00:00, Francia,Carretera,29181662.05,import
41,"0541 PATATAS, FRESCAS O REFRIGERADA",2014-06-01 00:00:00, Francia,Carretera,13294802.29,import
50,"0541 PATATAS, FRESCAS O REFRIGERADA",2014-01-01 00:00:00, Países Bajos,Carretera,8244925.37,import
51,"0541 PATATAS, FRESCAS O REFRIGERADA",2014-02-01 00:00:00, Países Bajos,Carretera,6914940.31,import
52,"0541 PATATAS, FRESCAS O REFRIGERADA",2014-04-01 00:00:00, Países Bajos,Carretera,7371301.27,import
53,"0541 PATATAS, FRESCAS O REFRIGERADA",2014-03-01 00:00:00, Países Bajos,Carretera,13625690.3,import
54,"0541 PATATAS, FRESCAS O REFRIGERADA",2014-05-01 00:00:00, Países Bajos,Carretera,4073363.97,import
55,"0541 PATATAS, FRESCAS O REFRIGERADA",2014-06-01 00:00:00, Países Bajos,Carretera,3719007.96,import
64,"0541 PATATAS, FRESCAS O REFRIGERADA",2014-01-01 00:00:00, Alemania,Marítimo,7.5,import
65,"0541 PATATAS, FRESCAS O REFRIGERADA",2014-02-01 00:00:00, Alemania,Marítimo,15.0,import
66,"0541 PATATAS, FRESCAS O REFRIGERADA",2014-04-01 00:00:00, Alemania,Marítimo,7.5,import
67,"0541 PATATAS, FRESCAS O REFRIGERADA",2014-03-01 00:00:00, Alemania,Marítimo,7.5,import
68,"0541 PATATAS, FRESCAS O REFRIGERADA",2014-05-01 00:00:00, Alemania,Marítimo,120007.5,import
69,"0541 PATATAS, FRESCAS O REFRIGERADA",2014-06-01 00:00:00, Alemania,Marítimo,250007.5,import
71,"0541 PATATAS, FRESCAS O REFRIGERADA",2014-01-01 00:00:00, Alemania,Carretera,863200.0,import
72,"0541 PATATAS, FRESCAS O REFRIGERADA",2014-02-01 00:00:00, Alemania,Carretera,55941.0,import
73,"0541 PATATAS, FRESCAS O REFRIGERADA",2014-04-01 00:00:00, Alemania,Carretera,36945.0,import
74,"0541 PATATAS, FRESCAS O REFRIGERADA",2014-03-01 00:00:00, Alemania,Carretera,100693.0,import
75,"0541 PATATAS, FRESCAS O REFRIGERADA",2014-05-01 00:00:00, Alemania,Carretera,447562.5,import
76,"0541 PATATAS, FRESCAS O REFRIGERADA",2014-06-01 00:00:00, Alemania,Carretera,961581.0,import
88,"0541 PATATAS, FRESCAS O REFRIGERADA",2014-03-01 00:00:00, Italia,Marítimo,420.0,import
92,"0541 PATATAS, FRESCAS O REFRIGERADA",2014-01-01 00:00:00, Italia,Carretera,139.0,import
93,"0541 PATATAS, FRESCAS O REFRIGERADA",2014-02-01 00:00:00, Italia,Carretera,18864.0,import
94,"0541 PATATAS, FRESCAS O REFRIGERADA",2014-04-01 00:00:00, Italia,Carretera,200370.0,import
95,"0541 PATATAS, FRESCAS O REFRIGERADA",2014-03-01 00:00:00, Italia,Carretera,4517.0,import
96,"0541 PATATAS, FRESCAS O REFRIGERADA",2014-05-01 00:00:00, Italia,Carretera,23003.0,import
106,"0541 PATATAS, FRESCAS O REFRIGERADA",2014-01-01 00:00:00, Reino Unido,Marítimo,6157993.0,import
107,"0541 PATATAS, FRESCAS O REFRIGERADA",2014-02-01 00:00:00, Reino Unido,Marítimo,5826305.0,import
108,"0541 PATATAS, FRESCAS O REFRIGERADA",2014-04-01 00:00:00, Reino Unido,Marítimo,1634162.0,import
109,"0541 PATATAS, FRESCAS O REFRIGERADA",2014-03-01 00:00:00, Reino Unido,Marítimo,4355136.0,import
110,"0541 PATATAS, FRESCAS O REFRIGERADA",2014-05-01 00:00:00, Reino Unido,Marítimo,1587580.0,import
111,"0541 PATATAS, FRESCAS O REFRIGERADA",2014-06-01 00:00:00, Reino Unido,Marítimo,853140.0,import
113,"0541 PATATAS, FRESCAS O REFRIGERADA",2014-01-01 00:00:00, Reino Unido,Carretera,1842219.99,import
114,"0541 PATATAS, FRESCAS O REFRIGERADA",2014-02-01 00:00:00, Reino Unido,Carretera,1644448.1,import
115,"0541 PATATAS, FRESCAS O REFRIGERADA",2014-04-01 00:00:00, Reino Unido,Carretera,1374055.82,import
116,"0541 PATATAS, FRESCAS O REFRIGERADA",2014-03-01 00:00:00, Reino Unido,Carretera,1865040.13,import
117,"0541 PATATAS, FRESCAS O REFRIGERADA",2014-05-01 00:00:00, Reino Unido,Carretera,457898.8,import
118,"0541 PATATAS, FRESCAS O REFRIGERADA",2014-06-01 00:00:00, Reino Unido,Carretera,459085.2,import
128,"0541 PATATAS, FRESCAS O REFRIGERADA",2014-02-01 00:00:00, Irlanda,Carretera,2500.0,import
141,"0541 PATATAS, FRESCAS O REFRIGERADA",2014-01-01 00:00:00, Dinamarca,Marítimo,274825.0,import
142,"0541 PATATAS, FRESCAS O REFRIGERADA",2014-02-01 00:00:00, Dinamarca,Marítimo,246750.0,import
143,"0541 PATATAS, FRESCAS O REFRIGERADA",2014-04-01 00:00:00, Dinamarca,Marítimo,155200.0,import
144,"0541 PATATAS, FRESCAS O REFRIGERADA",2014-03-01 00:00:00, Dinamarca,Marítimo,618000.0,import
145,"0541 PATATAS, FRESCAS O REFRIGERADA",2014-05-01 00:00:00, Dinamarca,Marítimo,52250.0,import
146,"0541 PATATAS, FRESCAS O REFRIGERADA",2014-06-01 00:00:00, Dinamarca,Marítimo,82500.0,import
148,"0541 PATATAS, FRESCAS O REFRIGERADA",2014-01-01 00:00:00, Dinamarca,Carretera,229305.0,import
149,"0541 PATATAS, FRESCAS O REFRIGERADA",2014-02-01 00:00:00, Dinamarca,Carretera,46500.0,import
150,"0541 PATATAS, FRESCAS O REFRIGERADA",2014-04-01 00:00:00, Dinamarca,Carretera,41500.0,import
151,"0541 PATATAS, FRESCAS O REFRIGERADA",2014-03-01 00:00:00, Dinamarca,Carretera,24480.0,import
152,"0541 PATATAS, FRESCAS O REFRIGERADA",2014-05-01 00:00:00, Dinamarca,Carretera,48000.0,import
153,"0541 PATATAS, FRESCAS O REFRIGERADA",2014-06-01 00:00:00, Dinamarca,Carretera,24000.0,import
162,"0541 PATATAS, FRESCAS O REFRIGERADA",2014-01-01 00:00:00, Portugal,Carretera,969631.7,import
163,"0541 PATATAS, FRESCAS O REFRIGERADA",2014-02-01 00:00:00, Portugal,Carretera,1501649.08,import
164,"0541 PATATAS, FRESCAS O REFRIGERADA",2014-04-01 00:00:00, Portugal,Carretera,1031660.2,import
165,"0541 PATATAS, FRESCAS O REFRIGERADA",2014-03-01 00:00:00, Portugal,Carretera,2301768.08,import
166,"0541 PATATAS, FRESCAS O REFRIGERADA",2014-05-01 00:00:00, Portugal,Carretera,1049897.67,import
167,"0541 PATATAS, FRESCAS O REFRIGERADA",2014-06-01 00:00:00, Portugal,Carretera,6758850.54,import
180,"0541 PATATAS, FRESCAS O REFRIGERADA",2014-05-01 00:00:00, Bélgica,Marítimo,900.0,import
181,"0541 PATATAS, FRESCAS O REFRIGERADA",2014-06-01 00:00:00, Bélgica,Marítimo,900.0,import
183,"0541 PATATAS, FRESCAS O REFRIGERADA",2014-01-01 00:00:00, Bélgica,Carretera,2339764.0,import
184,"0541 PATATAS, FRESCAS O REFRIGERADA",2014-02-01 00:00:00, Bélgica,Carretera,1635672.0,import
185,"0541 PATATAS, FRESCAS O REFRIGERADA",2014-04-01 00:00:00, Bélgica,Carretera,2712281.0,import
186,"0541 PATATAS, FRESCAS O REFRIGERADA",2014-03-01 00:00:00, Bélgica,Carretera,3053631.0,import
187,"0541 PATATAS, FRESCAS O REFRIGERADA",2014-05-01 00:00:00, Bélgica,Carretera,4517073.0,import
188,"0541 PATATAS, FRESCAS O REFRIGERADA",2014-06-01 00:00:00, Bélgica,Carretera,1037384.0,import
197,"0541 PATATAS, FRESCAS O REFRIGERADA",2014-01-01 00:00:00, Luxemburgo,Carretera,496800.0,import
198,"0541 PATATAS, FRESCAS O REFRIGERADA",2014-02-01 00:00:00, Luxemburgo,Carretera,422650.0,import
199,"0541 PATATAS, FRESCAS O REFRIGERADA",2014-04-01 00:00:00, Luxemburgo,Carretera,396000.0,import
200,"0541 PATATAS, FRESCAS O REFRIGERADA",2014-03-01 00:00:00, Luxemburgo,Carretera,497850.0,import
201,"0541 PATATAS, FRESCAS O REFRIGERADA",2014-05-01 00:00:00, Luxemburgo,Carretera,348550.0,import
211,"0541 PATATAS, FRESCAS O REFRIGERADA",2014-01-01 00:00:00, Suecia,Marítimo,53000.0,import
213,"0541 PATATAS, FRESCAS O REFRIGERADA",2014-04-01 00:00:00, Suecia,Marítimo,28000.0,import
214,"0541 PATATAS, FRESCAS O REFRIGERADA",2014-03-01 00:00:00, Suecia,Marítimo,28000.0,import
218,"0541 PATATAS, FRESCAS O REFRIGERADA",2014-01-01 00:00:00, Suecia,Carretera,32.0,import
219,"0541 PATATAS, FRESCAS O REFRIGERADA",2014-02-01 00:00:00, Suecia,Carretera,20.0,import
220,"0541 PATATAS, FRESCAS O REFRIGERADA",2014-04-01 00:00:00, Suecia,Carretera,31.0,import
223,"0541 PATATAS, FRESCAS O REFRIGERADA",2014-06-01 00:00:00, Suecia,Carretera,42.0,import
234,"0541 PATATAS, FRESCAS O REFRIGERADA",2014-04-01 00:00:00, Suiza,Carretera,22000.0,import
248,"0541 PATATAS, FRESCAS O REFRIGERADA",2014-04-01 00:00:00, Malta,Marítimo,25000.0,import
250,"0541 PATATAS, FRESCAS O REFRIGERADA",2014-05-01 00:00:00, Malta,Marítimo,25000.0,import
251,"0541 PATATAS, FRESCAS O REFRIGERADA",2014-06-01 00:00:00, Malta,Marítimo,74700.0,import
260,"0541 PATATAS, FRESCAS O REFRIGERADA",2014-01-01 00:00:00, Polonia,Carretera,157500.0,import
261,"0541 PATATAS, FRESCAS O REFRIGERADA",2014-02-01 00:00:00, Polonia,Carretera,22500.0,import
279,"0541 PATATAS, FRESCAS O REFRIGERADA",2014-06-01 00:00:00, Eslovenia,Carretera,4950.0,import
289,"0541 PATATAS, FRESCAS O REFRIGERADA",2014-02-01 00:00:00, Marruecos,Marítimo,238914.0,import
290,"0541 PATATAS, FRESCAS O REFRIGERADA",2014-04-01 00:00:00, Marruecos,Marítimo,124560.0,import
291,"0541 PATATAS, FRESCAS O REFRIGERADA",2014-03-01 00:00:00, Marruecos,Marítimo,315640.0,import
292,"0541 PATATAS, FRESCAS O REFRIGERADA",2014-05-01 00:00:00, Marruecos,Marítimo,222281.0,import
295,"0541 PATATAS, FRESCAS O REFRIGERADA",2014-01-01 00:00:00, Marruecos,Carretera,106450.0,import
296,"0541 PATATAS, FRESCAS O REFRIGERADA",2014-02-01 00:00:00, Marruecos,Carretera,306220.0,import
297,"0541 PATATAS, FRESCAS O REFRIGERADA",2014-04-01 00:00:00, Marruecos,Carretera,242200.0,import
298,"0541 PATATAS, FRESCAS O REFRIGERADA",2014-03-01 00:00:00, Marruecos,Carretera,838260.0,import
299,"0541 PATATAS, FRESCAS O REFRIGERADA",2014-05-01 00:00:00, Marruecos,Carretera,78980.0,import
300,"0541 PATATAS, FRESCAS O REFRIGERADA",2014-06-01 00:00:00, Marruecos,Carretera,53430.0,import
310,"0541 PATATAS, FRESCAS O REFRIGERADA",2014-02-01 00:00:00, Argelia,Marítimo,22000.0,import
326,"0541 PATATAS, FRESCAS O REFRIGERADA",2014-03-01 00:00:00, Egipto,Marítimo,49500.0,import
338,"0541 PATATAS, FRESCAS O REFRIGERADA",2014-02-01 00:00:00, Sudáfrica,Carretera,1800.0,import
352,"0541 PATATAS, FRESCAS O REFRIGERADA",2014-02-01 00:00:00, Estados Unidos,Carretera,1800.0,import
370,"0541 PATATAS, FRESCAS O REFRIGERADA",2014-06-01 00:00:00, México,Carretera,9.0,import
381,"0541 PATATAS, FRESCAS O REFRIGERADA",2014-04-01 00:00:00, Costa Rica,Carretera,14040.0,import
393,"0541 PATATAS, FRESCAS O REFRIGERADA",2014-01-01 00:00:00, Surinam,Carretera,18757.0,import
395,"0541 PATATAS, FRESCAS O REFRIGERADA",2014-04-01 00:00:00, Surinam,Carretera,81830.0,import
397,"0541 PATATAS, FRESCAS O REFRIGERADA",2014-05-01 00:00:00, Surinam,Carretera,46000.0,import
407,"0541 PATATAS, FRESCAS O REFRIGERADA",2014-01-01 00:00:00, Perú,Marítimo,341.0,import
411,"0541 PATATAS, FRESCAS O REFRIGERADA",2014-05-01 00:00:00, Perú,Marítimo,210.0,import
412,"0541 PATATAS, FRESCAS O REFRIGERADA",2014-06-01 00:00:00, Perú,Marítimo,322.0,import
419,"0541 PATATAS, FRESCAS O REFRIGERADA",2014-06-01 00:00:00, Perú,Aire,154.0,import
429,"0541 PATATAS, FRESCAS O REFRIGERADA",2014-02-01 00:00:00, Chile,Carretera,266986.0,import
442,"0541 PATATAS, FRESCAS O REFRIGERADA",2014-01-01 00:00:00, Chipre,Marítimo,103200.0,import
443,"0541 PATATAS, FRESCAS O REFRIGERADA",2014-02-01 00:00:00, Chipre,Marítimo,202420.0,import
445,"0541 PATATAS, FRESCAS O REFRIGERADA",2014-03-01 00:00:00, Chipre,Marítimo,50000.0,import
446,"0541 PATATAS, FRESCAS O REFRIGERADA",2014-05-01 00:00:00, Chipre,Marítimo,49700.0,import
447,"0541 PATATAS, FRESCAS O REFRIGERADA",2014-06-01 00:00:00, Chipre,Marítimo,136525.0,import
457,"0541 PATATAS, FRESCAS O REFRIGERADA",2014-02-01 00:00:00, Israel,Marítimo,81000.0,import
458,"0541 PATATAS, FRESCAS O REFRIGERADA",2014-04-01 00:00:00, Israel,Marítimo,4239000.0,import
459,"0541 PATATAS, FRESCAS O REFRIGERADA",2014-03-01 00:00:00, Israel,Marítimo,567000.0,import
460,"0541 PATATAS, FRESCAS O REFRIGERADA",2014-05-01 00:00:00, Israel,Marítimo,432000.0,import
461,"0541 PATATAS, FRESCAS O REFRIGERADA",2014-06-01 00:00:00, Israel,Marítimo,810000.0,import
36,"0541 PATATAS, FRESCAS O REFRIGERADA",2014-12-01 00:00:00, Francia,Carretera,66503500.49,import
37,"0541 PATATAS, FRESCAS O REFRIGERADA",2014-11-01 00:00:00, Francia,Carretera,39170807.17,import
38,"0541 PATATAS, FRESCAS O REFRIGERADA",2014-10-01 00:00:00, Francia,Carretera,24835685.27,import
39,"0541 PATATAS, FRESCAS O REFRIGERADA",2014-09-01 00:00:00, Francia,Carretera,17328109.62,import
40,"0541 PATATAS, FRESCAS O REFRIGERADA",2014-08-01 00:00:00, Francia,Carretera,9572493.75,import
41,"0541 PATATAS, FRESCAS O REFRIGERADA",2014-07-01 00:00:00, Francia,Carretera,5914037.45,import
50,"0541 PATATAS, FRESCAS O REFRIGERADA",2014-12-01 00:00:00, Países Bajos,Marítimo,44000.0,import
51,"0541 PATATAS, FRESCAS O REFRIGERADA",2014-11-01 00:00:00, Países Bajos,Marítimo,47150.0,import
52,"0541 PATATAS, FRESCAS O REFRIGERADA",2014-10-01 00:00:00, Países Bajos,Marítimo,162500.0,import
57,"0541 PATATAS, FRESCAS O REFRIGERADA",2014-12-01 00:00:00, Países Bajos,Carretera,9462763.92,import
58,"0541 PATATAS, FRESCAS O REFRIGERADA",2014-11-01 00:00:00, Países Bajos,Carretera,3618402.73,import
59,"0541 PATATAS, FRESCAS O REFRIGERADA",2014-10-01 00:00:00, Países Bajos,Carretera,519952.89,import
60,"0541 PATATAS, FRESCAS O REFRIGERADA",2014-09-01 00:00:00, Países Bajos,Carretera,197697.4,import
61,"0541 PATATAS, FRESCAS O REFRIGERADA",2014-08-01 00:00:00, Países Bajos,Carretera,515718.2,import
62,"0541 PATATAS, FRESCAS O REFRIGERADA",2014-07-01 00:00:00, Países Bajos,Carretera,3866062.87,import
71,"0541 PATATAS, FRESCAS O REFRIGERADA",2014-12-01 00:00:00, Alemania,Marítimo,14520.0,import
72,"0541 PATATAS, FRESCAS O REFRIGERADA",2014-11-01 00:00:00, Alemania,Marítimo,150.0,import
73,"0541 PATATAS, FRESCAS O REFRIGERADA",2014-10-01 00:00:00, Alemania,Marítimo,260000.0,import
74,"0541 PATATAS, FRESCAS O REFRIGERADA",2014-09-01 00:00:00, Alemania,Marítimo,90130.0,import
75,"0541 PATATAS, FRESCAS O REFRIGERADA",2014-08-01 00:00:00, Alemania,Marítimo,160067.5,import
76,"0541 PATATAS, FRESCAS O REFRIGERADA",2014-07-01 00:00:00, Alemania,Marítimo,180000.0,import
78,"0541 PATATAS, FRESCAS O REFRIGERADA",2014-12-01 00:00:00, Alemania,Carretera,704756.25,import
79,"0541 PATATAS, FRESCAS O REFRIGERADA",2014-11-01 00:00:00, Alemania,Carretera,63973.0,import
80,"0541 PATATAS, FRESCAS O REFRIGERADA",2014-10-01 00:00:00, Alemania,Carretera,64935.0,import
81,"0541 PATATAS, FRESCAS O REFRIGERADA",2014-09-01 00:00:00, Alemania,Carretera,48565.62,import
82,"0541 PATATAS, FRESCAS O REFRIGERADA",2014-08-01 00:00:00, Alemania,Carretera,424.0,import
83,"0541 PATATAS, FRESCAS O REFRIGERADA",2014-07-01 00:00:00, Alemania,Carretera,68071.0,import
92,"0541 PATATAS, FRESCAS O REFRIGERADA",2014-12-01 00:00:00, Italia,Carretera,1277.0,import
93,"0541 PATATAS, FRESCAS O REFRIGERADA",2014-11-01 00:00:00, Italia,Carretera,2626.0,import
94,"0541 PATATAS, FRESCAS O REFRIGERADA",2014-10-01 00:00:00, Italia,Carretera,9394.3,import
96,"0541 PATATAS, FRESCAS O REFRIGERADA",2014-08-01 00:00:00, Italia,Carretera,2634.76,import
106,"0541 PATATAS, FRESCAS O REFRIGERADA",2014-12-01 00:00:00, Reino Unido,Marítimo,11488785.38,import
107,"0541 PATATAS, FRESCAS O REFRIGERADA",2014-11-01 00:00:00, Reino Unido,Marítimo,10379366.0,import
108,"0541 PATATAS, FRESCAS O REFRIGERADA",2014-10-01 00:00:00, Reino Unido,Marítimo,10272951.0,import
109,"0541 PATATAS, FRESCAS O REFRIGERADA",2014-09-01 00:00:00, Reino Unido,Marítimo,4747874.0,import
110,"0541 PATATAS, FRESCAS O REFRIGERADA",2014-08-01 00:00:00, Reino Unido,Marítimo,954326.0,import
111,"0541 PATATAS, FRESCAS O REFRIGERADA",2014-07-01 00:00:00, Reino Unido,Marítimo,206708.0,import
113,"0541 PATATAS, FRESCAS O REFRIGERADA",2014-12-01 00:00:00, Reino Unido,Carretera,640530.0,import
114,"0541 PATATAS, FRESCAS O REFRIGERADA",2014-11-01 00:00:00, Reino Unido,Carretera,722686.1,import
115,"0541 PATATAS, FRESCAS O REFRIGERADA",2014-10-01 00:00:00, Reino Unido,Carretera,577994.68,import
116,"0541 PATATAS, FRESCAS O REFRIGERADA",2014-09-01 00:00:00, Reino Unido,Carretera,46976.2,import
117,"0541 PATATAS, FRESCAS O REFRIGERADA",2014-08-01 00:00:00, Reino Unido,Carretera,39039.6,import
118,"0541 PATATAS, FRESCAS O REFRIGERADA",2014-07-01 00:00:00, Reino Unido,Carretera,107377.9,import
123,"0541 PATATAS, FRESCAS O REFRIGERADA",2014-09-01 00:00:00, Reino Unido,Aire,43.0,import
134,"0541 PATATAS, FRESCAS O REFRIGERADA",2014-12-01 00:00:00, Irlanda,Carretera,2000.0,import
148,"0541 PATATAS, FRESCAS O REFRIGERADA",2014-12-01 00:00:00, Dinamarca,Marítimo,665966.0,import
149,"0541 PATATAS, FRESCAS O REFRIGERADA",2014-11-01 00:00:00, Dinamarca,Marítimo,363113.0,import
150,"0541 PATATAS, FRESCAS O REFRIGERADA",2014-10-01 00:00:00, Dinamarca,Marítimo,587500.0,import
151,"0541 PATATAS, FRESCAS O REFRIGERADA",2014-09-01 00:00:00, Dinamarca,Marítimo,325215.0,import
155,"0541 PATATAS, FRESCAS O REFRIGERADA",2014-12-01 00:00:00, Dinamarca,Carretera,44000.0,import
156,"0541 PATATAS, FRESCAS O REFRIGERADA",2014-11-01 00:00:00, Dinamarca,Carretera,271000.0,import
157,"0541 PATATAS, FRESCAS O REFRIGERADA",2014-10-01 00:00:00, Dinamarca,Carretera,24640.0,import
160,"0541 PATATAS, FRESCAS O REFRIGERADA",2014-07-01 00:00:00, Dinamarca,Carretera,27600.0,import
169,"0541 PATATAS, FRESCAS O REFRIGERADA",2014-12-01 00:00:00, Portugal,Carretera,796775.0,import
170,"0541 PATATAS, FRESCAS O REFRIGERADA",2014-11-01 00:00:00, Portugal,Carretera,452375.92,import
171,"0541 PATATAS, FRESCAS O REFRIGERADA",2014-10-01 00:00:00, Portugal,Carretera,50432.0,import
172,"0541 PATATAS, FRESCAS O REFRIGERADA",2014-09-01 00:00:00, Portugal,Carretera,170501.05,import
173,"0541 PATATAS, FRESCAS O REFRIGERADA",2014-08-01 00:00:00, Portugal,Carretera,199470.8,import
174,"0541 PATATAS, FRESCAS O REFRIGERADA",2014-07-01 00:00:00, Portugal,Carretera,4115813.06,import
187,"0541 PATATAS, FRESCAS O REFRIGERADA",2014-08-01 00:00:00, Bélgica,Marítimo,1800.0,import
190,"0541 PATATAS, FRESCAS O REFRIGERADA",2014-12-01 00:00:00, Bélgica,Carretera,991617.0,import
191,"0541 PATATAS, FRESCAS O REFRIGERADA",2014-11-01 00:00:00, Bélgica,Carretera,1055979.0,import
192,"0541 PATATAS, FRESCAS O REFRIGERADA",2014-10-01 00:00:00, Bélgica,Carretera,52767.0,import
193,"0541 PATATAS, FRESCAS O REFRIGERADA",2014-09-01 00:00:00, Bélgica,Carretera,289526.0,import
194,"0541 PATATAS, FRESCAS O REFRIGERADA",2014-08-01 00:00:00, Bélgica,Carretera,164425.0,import
195,"0541 PATATAS, FRESCAS O REFRIGERADA",2014-07-01 00:00:00, Bélgica,Carretera,743716.0,import
204,"0541 PATATAS, FRESCAS O REFRIGERADA",2014-12-01 00:00:00, Luxemburgo,Carretera,100050.0,import
205,"0541 PATATAS, FRESCAS O REFRIGERADA",2014-11-01 00:00:00, Luxemburgo,Carretera,293730.0,import
206,"0541 PATATAS, FRESCAS O REFRIGERADA",2014-10-01 00:00:00, Luxemburgo,Carretera,275600.0,import
207,"0541 PATATAS, FRESCAS O REFRIGERADA",2014-09-01 00:00:00, Luxemburgo,Carretera,425000.0,import
208,"0541 PATATAS, FRESCAS O REFRIGERADA",2014-08-01 00:00:00, Luxemburgo,Carretera,75000.0,import
218,"0541 PATATAS, FRESCAS O REFRIGERADA",2014-12-01 00:00:00, Suecia,Marítimo,53000.0,import
219,"0541 PATATAS, FRESCAS O REFRIGERADA",2014-11-01 00:00:00, Suecia,Marítimo,25000.0,import
220,"0541 PATATAS, FRESCAS O REFRIGERADA",2014-10-01 00:00:00, Suecia,Marítimo,75000.0,import
225,"0541 PATATAS, FRESCAS O REFRIGERADA",2014-12-01 00:00:00, Suecia,Carretera,11.0,import
227,"0541 PATATAS, FRESCAS O REFRIGERADA",2014-10-01 00:00:00, Suecia,Carretera,16.0,import
228,"0541 PATATAS, FRESCAS O REFRIGERADA",2014-09-01 00:00:00, Suecia,Carretera,43.0,import
229,"0541 PATATAS, FRESCAS O REFRIGERADA",2014-08-01 00:00:00, Suecia,Carretera,81.0,import
230,"0541 PATATAS, FRESCAS O REFRIGERADA",2014-07-01 00:00:00, Suecia,Carretera,20.0,import
240,"0541 PATATAS, FRESCAS O REFRIGERADA",2014-11-01 00:00:00, Malta,Marítimo,13075.0,import
244,"0541 PATATAS, FRESCAS O REFRIGERADA",2014-07-01 00:00:00, Malta,Marítimo,52000.0,import
255,"0541 PATATAS, FRESCAS O REFRIGERADA",2014-10-01 00:00:00, Marruecos,Marítimo,43200.0,import
260,"0541 PATATAS, FRESCAS O REFRIGERADA",2014-12-01 00:00:00, Marruecos,Carretera,53510.0,import
261,"0541 PATATAS, FRESCAS O REFRIGERADA",2014-11-01 00:00:00, Marruecos,Carretera,42140.0,import
262,"0541 PATATAS, FRESCAS O REFRIGERADA",2014-10-01 00:00:00, Marruecos,Carretera,45370.0,import
263,"0541 PATATAS, FRESCAS O REFRIGERADA",2014-09-01 00:00:00, Marruecos,Carretera,46080.0,import
264,"0541 PATATAS, FRESCAS O REFRIGERADA",2014-08-01 00:00:00, Marruecos,Carretera,54950.0,import
265,"0541 PATATAS, FRESCAS O REFRIGERADA",2014-07-01 00:00:00, Marruecos,Carretera,46380.0,import
274,"0541 PATATAS, FRESCAS O REFRIGERADA",2014-12-01 00:00:00, México,Carretera,18.0,import
275,"0541 PATATAS, FRESCAS O REFRIGERADA",2014-11-01 00:00:00, México,Carretera,5.0,import
276,"0541 PATATAS, FRESCAS O REFRIGERADA",2014-10-01 00:00:00, México,Carretera,23.0,import
277,"0541 PATATAS, FRESCAS O REFRIGERADA",2014-09-01 00:00:00, México,Carretera,14.0,import
278,"0541 PATATAS, FRESCAS O REFRIGERADA",2014-08-01 00:00:00, México,Carretera,18.0,import
279,"0541 PATATAS, FRESCAS O REFRIGERADA",2014-07-01 00:00:00, México,Carretera,27.0,import
289,"0541 PATATAS, FRESCAS O REFRIGERADA",2014-11-01 00:00:00, Perú,Marítimo,1213.0,import
290,"0541 PATATAS, FRESCAS O REFRIGERADA",2014-10-01 00:00:00, Perú,Marítimo,439.0,import
293,"0541 PATATAS, FRESCAS O REFRIGERADA",2014-07-01 00:00:00, Perú,Marítimo,416.0,import
297,"0541 PATATAS, FRESCAS O REFRIGERADA",2014-10-01 00:00:00, Perú,Aire,300.0,import
300,"0541 PATATAS, FRESCAS O REFRIGERADA",2014-07-01 00:00:00, Perú,Aire,33.0,import
311,"0541 PATATAS, FRESCAS O REFRIGERADA",2014-10-01 00:00:00, Chipre,Marítimo,28000.0,import
312,"0541 PATATAS, FRESCAS O REFRIGERADA",2014-09-01 00:00:00, Chipre,Marítimo,22600.0,import
313,"0541 PATATAS, FRESCAS O REFRIGERADA",2014-08-01 00:00:00, Chipre,Marítimo,25200.0,import
314,"0541 PATATAS, FRESCAS O REFRIGERADA",2014-07-01 00:00:00, Chipre,Marítimo,227360.0,import
328,"0541 PATATAS, FRESCAS O REFRIGERADA",2014-07-01 00:00:00, Israel,Marítimo,81000.0,import
