,YEAR,TIPO,product,unit,variable,value,DATE
0,2017,origen,Patata ,kg,S1,0.25,2017-01-02
1,2017,mercado,Patata,kg,S1,0.39,2017-01-02
2,2017,consumo,Patata,kg,S1,1.06,2017-01-02
3,2016,origen,Patata ,kg,S1,0.19,2016-01-04
4,2016,mercado,Patata,kg,S1,0.38,2016-01-04
5,2016,consumo,Patata,kg,S1,0.96,2016-01-04
6,2015,origen,Patata ,kg,S1,0.04,2015-01-05
7,2015,mercado,Patata,kg,S1,0.23,2015-01-05
8,2015,consumo,Patata,kg,S1,0.88,2015-01-05
9,2014,origen,Patata ,kg,S1,0.18,2014-01-06
10,2014,mercado,Patata,kg,S1,0.39,2014-01-06
11,2014,consumo,Patata,kg,S1,1.04,2014-01-06
12,2017,origen,Patata ,kg,S2,0.26,2017-01-09
13,2017,mercado,Patata,kg,S2,0.4,2017-01-09
14,2017,consumo,Patata,kg,S2,1.06,2017-01-09
15,2016,origen,Patata ,kg,S2,0.19,2016-01-11
16,2016,mercado,Patata,kg,S2,0.38,2016-01-11
17,2016,consumo,Patata,kg,S2,0.98,2016-01-11
18,2015,origen,Patata ,kg,S2,0.04,2015-01-12
19,2015,mercado,Patata,kg,S2,0.23,2015-01-12
20,2015,consumo,Patata,kg,S2,0.88,2015-01-12
21,2014,origen,Patata ,kg,S2,0.18,2014-01-13
22,2014,mercado,Patata,kg,S2,0.41,2014-01-13
23,2014,consumo,Patata,kg,S2,1.04,2014-01-13
24,2017,origen,Patata ,kg,S3,0.26,2017-01-16
25,2017,mercado,Patata,kg,S3,0.4,2017-01-16
26,2017,consumo,Patata,kg,S3,1.06,2017-01-16
27,2016,origen,Patata ,kg,S3,0.19,2016-01-18
28,2016,mercado,Patata,kg,S3,0.38,2016-01-18
29,2016,consumo,Patata,kg,S3,0.98,2016-01-18
30,2015,origen,Patata ,kg,S3,0.04,2015-01-19
31,2015,mercado,Patata,kg,S3,0.23,2015-01-19
32,2015,consumo,Patata,kg,S3,0.88,2015-01-19
33,2014,origen,Patata ,kg,S3,0.18,2014-01-20
34,2014,mercado,Patata,kg,S3,0.42,2014-01-20
35,2014,consumo,Patata,kg,S3,1.02,2014-01-20
36,2017,origen,Patata ,kg,S4,0.26,2017-01-23
37,2017,mercado,Patata,kg,S4,0.41,2017-01-23
38,2017,consumo,Patata,kg,S4,1.05,2017-01-23
39,2016,origen,Patata ,kg,S4,0.19,2016-01-25
40,2016,mercado,Patata,kg,S4,0.39,2016-01-25
41,2016,consumo,Patata,kg,S4,0.97,2016-01-25
42,2015,origen,Patata ,kg,S4,0.04,2015-01-26
43,2015,mercado,Patata,kg,S4,0.23,2015-01-26
44,2015,consumo,Patata,kg,S4,0.89,2015-01-26
45,2014,origen,Patata ,kg,S4,0.19,2014-01-27
46,2014,mercado,Patata,kg,S4,0.42,2014-01-27
47,2014,consumo,Patata,kg,S4,1.02,2014-01-27
48,2017,origen,Patata ,kg,S5,0.27,2017-01-30
49,2017,mercado,Patata,kg,S5,0.4,2017-01-30
50,2017,consumo,Patata,kg,S5,1.05,2017-01-30
51,2016,origen,Patata ,kg,S5,0.19,2016-02-01
52,2016,mercado,Patata,kg,S5,0.39,2016-02-01
53,2016,consumo,Patata,kg,S5,0.98,2016-02-01
54,2015,origen,Patata ,kg,S5,0.04,2015-02-02
55,2015,mercado,Patata,kg,S5,0.24,2015-02-02
56,2015,consumo,Patata,kg,S5,0.88,2015-02-02
57,2014,origen,Patata ,kg,S5,0.18,2014-02-03
58,2014,mercado,Patata,kg,S5,0.4,2014-02-03
59,2014,consumo,Patata,kg,S5,1.01,2014-02-03
60,2017,origen,Patata ,kg,S6,0.27,2017-02-06
61,2017,mercado,Patata,kg,S6,0.4,2017-02-06
62,2017,consumo,Patata,kg,S6,1.05,2017-02-06
63,2016,origen,Patata ,kg,S6,0.21,2016-02-08
64,2016,mercado,Patata,kg,S6,0.39,2016-02-08
65,2016,consumo,Patata,kg,S6,0.98,2016-02-08
66,2015,origen,Patata ,kg,S6,0.04,2015-02-09
67,2015,mercado,Patata,kg,S6,0.23,2015-02-09
68,2015,consumo,Patata,kg,S6,0.88,2015-02-09
69,2014,origen,Patata ,kg,S6,0.18,2014-02-10
70,2014,mercado,Patata,kg,S6,0.35,2014-02-10
71,2014,consumo,Patata,kg,S6,1.01,2014-02-10
72,2017,origen,Patata ,kg,S7,0.28,2017-02-13
73,2017,mercado,Patata,kg,S7,0.4,2017-02-13
74,2017,consumo,Patata,kg,S7,1.05,2017-02-13
75,2016,origen,Patata ,kg,S7,0.21,2016-02-15
76,2016,mercado,Patata,kg,S7,0.39,2016-02-15
77,2016,consumo,Patata,kg,S7,0.98,2016-02-15
78,2015,origen,Patata ,kg,S7,0.04,2015-02-16
79,2015,mercado,Patata,kg,S7,0.25,2015-02-16
80,2015,consumo,Patata,kg,S7,0.88,2015-02-16
81,2014,origen,Patata ,kg,S7,0.18,2014-02-17
82,2014,mercado,Patata,kg,S7,0.37,2014-02-17
83,2014,consumo,Patata,kg,S7,1.01,2014-02-17
84,2017,origen,Patata ,kg,S8,0.28,2017-02-20
85,2017,mercado,Patata,kg,S8,0.4,2017-02-20
86,2017,consumo,Patata,kg,S8,1.06,2017-02-20
87,2016,origen,Patata ,kg,S8,0.21,2016-02-22
88,2016,mercado,Patata,kg,S8,0.39,2016-02-22
89,2016,consumo,Patata,kg,S8,0.99,2016-02-22
90,2015,origen,Patata ,kg,S8,0.04,2015-02-23
91,2015,mercado,Patata,kg,S8,0.23,2015-02-23
92,2015,consumo,Patata,kg,S8,0.88,2015-02-23
93,2014,origen,Patata ,kg,S8,0.18,2014-02-24
94,2014,mercado,Patata,kg,S8,0.36,2014-02-24
95,2014,consumo,Patata,kg,S8,1.0,2014-02-24
96,2017,origen,Patata ,kg,S9,0.31,2017-02-27
97,2017,mercado,Patata,kg,S9,0.45,2017-02-27
98,2017,consumo,Patata,kg,S9,1.06,2017-02-27
99,2016,origen,Patata ,kg,S9,0.26,2016-02-29
100,2016,mercado,Patata,kg,S9,0.43,2016-02-29
101,2016,consumo,Patata,kg,S9,0.99,2016-02-29
102,2015,origen,Patata ,kg,S9,0.09,2015-03-02
103,2015,mercado,Patata,kg,S9,0.28,2015-03-02
104,2015,consumo,Patata,kg,S9,0.88,2015-03-02
105,2014,origen,Patata ,kg,S9,0.18,2014-03-03
106,2014,mercado,Patata,kg,S9,0.33,2014-03-03
107,2014,consumo,Patata,kg,S9,1.01,2014-03-03
108,2017,origen,Patata ,kg,S10,0.38,2017-03-06
109,2017,mercado,Patata,kg,S10,0.47,2017-03-06
110,2017,consumo,Patata,kg,S10,1.06,2017-03-06
111,2016,origen,Patata ,kg,S10,0.31,2016-03-07
112,2016,mercado,Patata,kg,S10,0.44,2016-03-07
113,2016,consumo,Patata,kg,S10,0.99,2016-03-07
114,2015,origen,Patata ,kg,S10,0.14,2015-03-09
115,2015,mercado,Patata,kg,S10,0.3,2015-03-09
116,2015,consumo,Patata,kg,S10,0.88,2015-03-09
117,2014,origen,Patata ,kg,S10,0.33,2014-03-10
118,2014,mercado,Patata,kg,S10,0.34,2014-03-10
119,2014,consumo,Patata,kg,S10,1.0,2014-03-10
120,2017,origen,Patata ,kg,S11,0.42,2017-03-13
121,2017,mercado,Patata,kg,S11,0.46,2017-03-13
122,2017,consumo,Patata,kg,S11,1.06,2017-03-13
123,2016,origen,Patata ,kg,S11,0.32,2016-03-14
124,2016,mercado,Patata,kg,S11,0.43,2016-03-14
125,2016,consumo,Patata,kg,S11,0.99,2016-03-14
126,2015,origen,Patata ,kg,S11,0.18,2015-03-16
127,2015,mercado,Patata,kg,S11,0.28,2015-03-16
128,2015,consumo,Patata,kg,S11,0.88,2015-03-16
129,2014,origen,Patata ,kg,S11,0.36,2014-03-17
130,2014,mercado,Patata,kg,S11,0.33,2014-03-17
131,2014,consumo,Patata,kg,S11,1.0,2014-03-17
132,2017,origen,Patata ,kg,S12,0.58,2017-03-20
133,2017,mercado,Patata,kg,S12,0.48,2017-03-20
134,2017,consumo,Patata,kg,S12,1.06,2017-03-20
135,2016,origen,Patata ,kg,S12,0.42,2016-03-21
136,2016,mercado,Patata,kg,S12,0.41,2016-03-21
137,2016,consumo,Patata,kg,S12,0.99,2016-03-21
138,2015,origen,Patata ,kg,S12,0.24,2015-03-23
139,2015,mercado,Patata,kg,S12,0.31,2015-03-23
140,2015,consumo,Patata,kg,S12,0.87,2015-03-23
141,2014,origen,Patata ,kg,S12,0.34,2014-03-24
142,2014,mercado,Patata,kg,S12,0.36,2014-03-24
143,2014,consumo,Patata,kg,S12,1.0,2014-03-24
144,2017,origen,Patata ,kg,S13,0.43,2017-03-27
145,2017,mercado,Patata,kg,S13,0.49,2017-03-27
146,2017,consumo,Patata,kg,S13,1.06,2017-03-27
147,2016,origen,Patata ,kg,S13,0.43,2016-03-28
148,2016,mercado,Patata,kg,S13,0.43,2016-03-28
149,2016,consumo,Patata,kg,S13,1.0,2016-03-28
150,2015,origen,Patata ,kg,S13,0.45,2015-03-30
151,2015,mercado,Patata,kg,S13,0.3,2015-03-30
152,2015,consumo,Patata,kg,S13,0.88,2015-03-30
153,2014,origen,Patata ,kg,S13,0.31,2014-03-31
154,2014,mercado,Patata,kg,S13,0.36,2014-03-31
155,2014,consumo,Patata,kg,S13,1.0,2014-03-31
156,2017,origen,Patata ,kg,S14,0.51,2017-04-03
157,2017,mercado,Patata,kg,S14,0.5,2017-04-03
158,2017,consumo,Patata,kg,S14,1.06,2017-04-03
159,2016,origen,Patata ,kg,S14,0.58,2016-04-04
160,2016,mercado,Patata,kg,S14,0.45,2016-04-04
161,2016,consumo,Patata,kg,S14,1.0,2016-04-04
162,2015,origen,Patata ,kg,S14,0.5,2015-04-06
163,2015,mercado,Patata,kg,S14,0.3,2015-04-06
164,2015,consumo,Patata,kg,S14,0.88,2015-04-06
165,2014,origen,Patata ,kg,S14,0.46,2014-04-07
166,2014,mercado,Patata,kg,S14,0.36,2014-04-07
167,2014,consumo,Patata,kg,S14,1.01,2014-04-07
168,2017,origen,Patata ,kg,S15,0.54,2017-04-10
169,2017,mercado,Patata,kg,S15,0.52,2017-04-10
170,2017,consumo,Patata,kg,S15,1.07,2017-04-10
171,2016,origen,Patata ,kg,S15,0.53,2016-04-11
172,2016,mercado,Patata,kg,S15,0.47,2016-04-11
173,2016,consumo,Patata,kg,S15,1.0,2016-04-11
174,2015,origen,Patata ,kg,S15,0.47,2015-04-13
175,2015,mercado,Patata,kg,S15,0.32,2015-04-13
176,2015,consumo,Patata,kg,S15,0.87,2015-04-13
177,2014,origen,Patata ,kg,S15,0.47,2014-04-14
178,2014,mercado,Patata,kg,S15,0.35,2014-04-14
179,2014,consumo,Patata,kg,S15,1.0,2014-04-14
180,2017,origen,Patata ,kg,S16,0.58,2017-04-17
181,2017,mercado,Patata,kg,S16,0.52,2017-04-17
182,2017,consumo,Patata,kg,S16,1.06,2017-04-17
183,2016,origen,Patata ,kg,S16,0.47,2016-04-18
184,2016,mercado,Patata,kg,S16,0.47,2016-04-18
185,2016,consumo,Patata,kg,S16,1.0,2016-04-18
186,2015,origen,Patata ,kg,S16,0.46,2015-04-20
187,2015,mercado,Patata,kg,S16,0.32,2015-04-20
188,2015,consumo,Patata,kg,S16,0.88,2015-04-20
189,2014,origen,Patata ,kg,S16,0.45,2014-04-21
190,2014,mercado,Patata,kg,S16,0.36,2014-04-21
191,2014,consumo,Patata,kg,S16,1.0,2014-04-21
192,2017,origen,Patata ,kg,S17,0.58,2017-04-24
193,2017,mercado,Patata,kg,S17,0.52,2017-04-24
194,2017,consumo,Patata,kg,S17,1.06,2017-04-24
195,2016,origen,Patata ,kg,S17,0.46,2016-04-25
196,2016,mercado,Patata,kg,S17,0.47,2016-04-25
197,2016,consumo,Patata,kg,S17,1.01,2016-04-25
198,2015,origen,Patata ,kg,S17,0.43,2015-04-27
199,2015,mercado,Patata,kg,S17,0.34,2015-04-27
200,2015,consumo,Patata,kg,S17,0.88,2015-04-27
201,2014,origen,Patata ,kg,S17,0.42,2014-04-28
202,2014,mercado,Patata,kg,S17,0.35,2014-04-28
203,2014,consumo,Patata,kg,S17,1.0,2014-04-28
204,2017,origen,Patata ,kg,S18,0.52,2017-05-01
205,2017,mercado,Patata,kg,S18,0.51,2017-05-01
206,2017,consumo,Patata,kg,S18,1.07,2017-05-01
207,2016,origen,Patata ,kg,S18,0.48,2016-05-02
208,2016,mercado,Patata,kg,S18,0.46,2016-05-02
209,2016,consumo,Patata,kg,S18,1.01,2016-05-02
210,2015,origen,Patata ,kg,S18,0.42,2015-05-04
211,2015,mercado,Patata,kg,S18,0.37,2015-05-04
212,2015,consumo,Patata,kg,S18,0.88,2015-05-04
213,2014,origen,Patata ,kg,S18,0.34,2014-05-05
214,2014,mercado,Patata,kg,S18,0.33,2014-05-05
215,2014,consumo,Patata,kg,S18,0.99,2014-05-05
216,2017,origen,Patata ,kg,S19,0.43,2017-05-08
217,2017,mercado,Patata,kg,S19,0.52,2017-05-08
218,2017,consumo,Patata,kg,S19,1.07,2017-05-08
219,2016,origen,Patata ,kg,S19,0.56,2016-05-09
220,2016,mercado,Patata,kg,S19,0.51,2016-05-09
221,2016,consumo,Patata,kg,S19,1.01,2016-05-09
222,2015,origen,Patata ,kg,S19,0.37,2015-05-11
223,2015,mercado,Patata,kg,S19,0.38,2015-05-11
224,2015,consumo,Patata,kg,S19,0.89,2015-05-11
225,2014,origen,Patata ,kg,S19,0.26,2014-05-12
226,2014,mercado,Patata,kg,S19,0.31,2014-05-12
227,2014,consumo,Patata,kg,S19,0.99,2014-05-12
228,2017,origen,Patata ,kg,S20,0.38,2017-05-15
229,2017,mercado,Patata,kg,S20,0.49,2017-05-15
230,2017,consumo,Patata,kg,S20,1.07,2017-05-15
231,2016,origen,Patata ,kg,S20,0.41,2016-05-16
232,2016,mercado,Patata,kg,S20,0.54,2016-05-16
233,2016,consumo,Patata,kg,S20,1.03,2016-05-16
234,2015,origen,Patata ,kg,S20,0.33,2015-05-18
235,2015,mercado,Patata,kg,S20,0.39,2015-05-18
236,2015,consumo,Patata,kg,S20,0.89,2015-05-18
237,2014,origen,Patata ,kg,S20,0.24,2014-05-19
238,2014,mercado,Patata,kg,S20,0.3,2014-05-19
239,2014,consumo,Patata,kg,S20,0.98,2014-05-19
240,2017,origen,Patata ,kg,S21,0.36,2017-05-22
241,2017,mercado,Patata,kg,S21,0.48,2017-05-22
242,2017,consumo,Patata,kg,S21,1.07,2017-05-22
243,2016,origen,Patata ,kg,S21,0.36,2016-05-23
244,2016,mercado,Patata,kg,S21,0.53,2016-05-23
245,2016,consumo,Patata,kg,S21,1.04,2016-05-23
246,2015,origen,Patata ,kg,S21,0.31,2015-05-25
247,2015,mercado,Patata,kg,S21,0.39,2015-05-25
248,2015,consumo,Patata,kg,S21,0.89,2015-05-25
249,2014,origen,Patata ,kg,S21,0.25,2014-05-26
250,2014,mercado,Patata,kg,S21,0.28,2014-05-26
251,2014,consumo,Patata,kg,S21,0.98,2014-05-26
252,2017,origen,Patata ,kg,S22,0.34,2017-05-29
253,2017,mercado,Patata,kg,S22,0.38,2017-05-29
254,2017,consumo,Patata,kg,S22,1.06,2017-05-29
255,2016,origen,Patata ,kg,S22,0.39,2016-05-30
256,2016,mercado,Patata,kg,S22,0.52,2016-05-30
257,2016,consumo,Patata,kg,S22,1.04,2016-05-30
258,2015,origen,Patata ,kg,S22,0.28,2015-06-01
259,2015,mercado,Patata,kg,S22,0.4,2015-06-01
260,2015,consumo,Patata,kg,S22,0.9,2015-06-01
261,2014,origen,Patata ,kg,S22,0.2,2014-06-02
262,2014,mercado,Patata,kg,S22,0.26,2014-06-02
263,2014,consumo,Patata,kg,S22,0.97,2014-06-02
264,2017,origen,Patata ,kg,S23,0.3,2017-06-05
265,2017,mercado,Patata,kg,S23,0.38,2017-06-05
266,2017,consumo,Patata,kg,S23,1.06,2017-06-05
267,2016,origen,Patata ,kg,S23,0.33,2016-06-06
268,2016,mercado,Patata,kg,S23,0.51,2016-06-06
269,2016,consumo,Patata,kg,S23,1.05,2016-06-06
270,2015,origen,Patata ,kg,S23,0.26,2015-06-08
271,2015,mercado,Patata,kg,S23,0.4,2015-06-08
272,2015,consumo,Patata,kg,S23,0.92,2015-06-08
273,2014,origen,Patata ,kg,S23,0.21,2014-06-09
274,2014,mercado,Patata,kg,S23,0.26,2014-06-09
275,2014,consumo,Patata,kg,S23,0.96,2014-06-09
276,2017,origen,Patata ,kg,S24,0.23,2017-06-12
277,2017,mercado,Patata,kg,S24,0.36,2017-06-12
278,2017,consumo,Patata,kg,S24,1.05,2017-06-12
279,2016,origen,Patata ,kg,S24,0.34,2016-06-13
280,2016,mercado,Patata,kg,S24,0.5,2016-06-13
281,2016,consumo,Patata,kg,S24,1.05,2016-06-13
282,2015,origen,Patata ,kg,S24,0.26,2015-06-15
283,2015,mercado,Patata,kg,S24,0.37,2015-06-15
284,2015,consumo,Patata,kg,S24,0.92,2015-06-15
285,2014,origen,Patata ,kg,S24,0.2,2014-06-16
286,2014,mercado,Patata,kg,S24,0.25,2014-06-16
287,2014,consumo,Patata,kg,S24,0.94,2014-06-16
288,2017,origen,Patata ,kg,S25,0.22,2017-06-19
289,2017,mercado,Patata,kg,S25,0.34,2017-06-19
290,2017,consumo,Patata,kg,S25,1.05,2017-06-19
291,2016,origen,Patata ,kg,S25,0.36,2016-06-20
292,2016,mercado,Patata,kg,S25,0.5,2016-06-20
293,2016,consumo,Patata,kg,S25,1.06,2016-06-20
294,2015,origen,Patata ,kg,S25,0.28,2015-06-22
295,2015,mercado,Patata,kg,S25,0.37,2015-06-22
296,2015,consumo,Patata,kg,S25,0.92,2015-06-22
297,2014,origen,Patata ,kg,S25,0.18,2014-06-23
298,2014,mercado,Patata,kg,S25,0.26,2014-06-23
299,2014,consumo,Patata,kg,S25,0.94,2014-06-23
300,2017,origen,Patata ,kg,S26,0.18,2017-06-26
301,2017,mercado,Patata,kg,S26,0.33,2017-06-26
302,2017,consumo,Patata,kg,S26,1.05,2017-06-26
303,2016,origen,Patata ,kg,S26,0.39,2016-06-27
304,2016,mercado,Patata,kg,S26,0.52,2016-06-27
305,2016,consumo,Patata,kg,S26,1.06,2016-06-27
306,2015,origen,Patata ,kg,S26,0.25,2015-06-29
307,2015,mercado,Patata,kg,S26,0.35,2015-06-29
308,2015,consumo,Patata,kg,S26,0.94,2015-06-29
309,2014,origen,Patata ,kg,S26,0.19,2014-06-30
310,2014,mercado,Patata,kg,S26,0.28,2014-06-30
311,2014,consumo,Patata,kg,S26,0.94,2014-06-30
312,2017,origen,Patata ,kg,S27,0.21,2017-07-03
313,2017,mercado,Patata,kg,S27,0.32,2017-07-03
314,2017,consumo,Patata,kg,S27,1.04,2017-07-03
315,2016,origen,Patata ,kg,S27,0.37,2016-07-04
316,2016,mercado,Patata,kg,S27,0.51,2016-07-04
317,2016,consumo,Patata,kg,S27,1.05,2016-07-04
318,2015,origen,Patata ,kg,S27,0.23,2015-07-06
319,2015,mercado,Patata,kg,S27,0.32,2015-07-06
320,2015,consumo,Patata,kg,S27,0.94,2015-07-06
321,2014,origen,Patata ,kg,S27,0.28,2014-07-07
322,2014,mercado,Patata,kg,S27,0.31,2014-07-07
323,2014,consumo,Patata,kg,S27,0.94,2014-07-07
324,2017,origen,Patata ,kg,S28,0.18,2017-07-10
325,2017,mercado,Patata,kg,S28,0.32,2017-07-10
326,2017,consumo,Patata,kg,S28,1.04,2017-07-10
327,2016,origen,Patata ,kg,S28,0.35,2016-07-11
328,2016,mercado,Patata,kg,S28,0.53,2016-07-11
329,2016,consumo,Patata,kg,S28,1.05,2016-07-11
330,2015,origen,Patata ,kg,S28,0.28,2015-07-13
331,2015,mercado,Patata,kg,S28,0.31,2015-07-13
332,2015,consumo,Patata,kg,S28,0.94,2015-07-13
333,2014,origen,Patata ,kg,S28,0.29,2014-07-14
334,2014,mercado,Patata,kg,S28,0.3,2014-07-14
335,2014,consumo,Patata,kg,S28,0.94,2014-07-14
336,2017,origen,Patata ,kg,S29,,2017-07-17
337,2017,mercado,Patata,kg,S29,,2017-07-17
338,2017,consumo,Patata,kg,S29,,2017-07-17
339,2016,origen,Patata ,kg,S29,0.35,2016-07-18
340,2016,mercado,Patata,kg,S29,0.52,2016-07-18
341,2016,consumo,Patata,kg,S29,1.06,2016-07-18
342,2015,origen,Patata ,kg,S29,0.22,2015-07-20
343,2015,mercado,Patata,kg,S29,0.31,2015-07-20
344,2015,consumo,Patata,kg,S29,0.94,2015-07-20
345,2014,origen,Patata ,kg,S29,0.24,2014-07-21
346,2014,mercado,Patata,kg,S29,0.29,2014-07-21
347,2014,consumo,Patata,kg,S29,0.94,2014-07-21
348,2017,origen,Patata ,kg,S30,,2017-07-24
349,2017,mercado,Patata,kg,S30,,2017-07-24
350,2017,consumo,Patata,kg,S30,,2017-07-24
351,2016,origen,Patata ,kg,S30,0.34,2016-07-25
352,2016,mercado,Patata,kg,S30,0.52,2016-07-25
353,2016,consumo,Patata,kg,S30,1.05,2016-07-25
354,2015,origen,Patata ,kg,S30,0.23,2015-07-27
355,2015,mercado,Patata,kg,S30,0.28,2015-07-27
356,2015,consumo,Patata,kg,S30,0.94,2015-07-27
357,2014,origen,Patata ,kg,S30,0.2,2014-07-28
358,2014,mercado,Patata,kg,S30,0.27,2014-07-28
359,2014,consumo,Patata,kg,S30,0.94,2014-07-28
360,2017,origen,Patata ,kg,S31,,2017-07-31
361,2017,mercado,Patata,kg,S31,,2017-07-31
362,2017,consumo,Patata,kg,S31,,2017-07-31
363,2016,origen,Patata ,kg,S31,0.33,2016-08-01
364,2016,mercado,Patata,kg,S31,0.46,2016-08-01
365,2016,consumo,Patata,kg,S31,1.06,2016-08-01
366,2015,origen,Patata ,kg,S31,0.21,2015-08-03
367,2015,mercado,Patata,kg,S31,0.29,2015-08-03
368,2015,consumo,Patata,kg,S31,0.94,2015-08-03
369,2014,origen,Patata ,kg,S31,0.2,2014-08-04
370,2014,mercado,Patata,kg,S31,0.26,2014-08-04
371,2014,consumo,Patata,kg,S31,0.94,2014-08-04
372,2017,origen,Patata ,kg,S32,,2017-08-07
373,2017,mercado,Patata,kg,S32,,2017-08-07
374,2017,consumo,Patata,kg,S32,,2017-08-07
375,2016,origen,Patata ,kg,S32,0.33,2016-08-08
376,2016,mercado,Patata,kg,S32,0.46,2016-08-08
377,2016,consumo,Patata,kg,S32,1.06,2016-08-08
378,2015,origen,Patata ,kg,S32,0.17,2015-08-10
379,2015,mercado,Patata,kg,S32,0.3,2015-08-10
380,2015,consumo,Patata,kg,S32,0.94,2015-08-10
381,2014,origen,Patata ,kg,S32,0.12,2014-08-11
382,2014,mercado,Patata,kg,S32,0.26,2014-08-11
383,2014,consumo,Patata,kg,S32,0.94,2014-08-11
384,2017,origen,Patata ,kg,S33,,2017-08-14
385,2017,mercado,Patata,kg,S33,,2017-08-14
386,2017,consumo,Patata,kg,S33,,2017-08-14
387,2016,origen,Patata ,kg,S33,0.33,2016-08-15
388,2016,mercado,Patata,kg,S33,0.44,2016-08-15
389,2016,consumo,Patata,kg,S33,1.06,2016-08-15
390,2015,origen,Patata ,kg,S33,0.17,2015-08-17
391,2015,mercado,Patata,kg,S33,0.29,2015-08-17
392,2015,consumo,Patata,kg,S33,0.94,2015-08-17
393,2014,origen,Patata ,kg,S33,0.13,2014-08-18
394,2014,mercado,Patata,kg,S33,0.25,2014-08-18
395,2014,consumo,Patata,kg,S33,0.93,2014-08-18
396,2017,origen,Patata ,kg,S34,,2017-08-21
397,2017,mercado,Patata,kg,S34,,2017-08-21
398,2017,consumo,Patata,kg,S34,,2017-08-21
399,2016,origen,Patata ,kg,S34,0.34,2016-08-22
400,2016,mercado,Patata,kg,S34,0.5,2016-08-22
401,2016,consumo,Patata,kg,S34,1.06,2016-08-22
402,2015,origen,Patata ,kg,S34,0.18,2015-08-24
403,2015,mercado,Patata,kg,S34,0.3,2015-08-24
404,2015,consumo,Patata,kg,S34,0.94,2015-08-24
405,2014,origen,Patata ,kg,S34,0.13,2014-08-25
406,2014,mercado,Patata,kg,S34,0.24,2014-08-25
407,2014,consumo,Patata,kg,S34,0.93,2014-08-25
408,2017,origen,Patata ,kg,S35,,2017-08-28
409,2017,mercado,Patata,kg,S35,,2017-08-28
410,2017,consumo,Patata,kg,S35,,2017-08-28
411,2016,origen,Patata ,kg,S35,0.32,2016-08-29
412,2016,mercado,Patata,kg,S35,0.47,2016-08-29
413,2016,consumo,Patata,kg,S35,1.06,2016-08-29
414,2015,origen,Patata ,kg,S35,0.17,2015-08-31
415,2015,mercado,Patata,kg,S35,0.31,2015-08-31
416,2015,consumo,Patata,kg,S35,0.93,2015-08-31
417,2014,origen,Patata ,kg,S35,0.12,2014-09-01
418,2014,mercado,Patata,kg,S35,0.25,2014-09-01
419,2014,consumo,Patata,kg,S35,0.92,2014-09-01
420,2017,origen,Patata ,kg,S36,,2017-09-04
421,2017,mercado,Patata,kg,S36,,2017-09-04
422,2017,consumo,Patata,kg,S36,,2017-09-04
423,2016,origen,Patata ,kg,S36,0.32,2016-09-05
424,2016,mercado,Patata,kg,S36,0.45,2016-09-05
425,2016,consumo,Patata,kg,S36,1.06,2016-09-05
426,2015,origen,Patata ,kg,S36,0.18,2015-09-07
427,2015,mercado,Patata,kg,S36,0.31,2015-09-07
428,2015,consumo,Patata,kg,S36,0.93,2015-09-07
429,2014,origen,Patata ,kg,S36,0.11,2014-09-08
430,2014,mercado,Patata,kg,S36,0.23,2014-09-08
431,2014,consumo,Patata,kg,S36,0.91,2014-09-08
432,2017,origen,Patata ,kg,S37,,2017-09-11
433,2017,mercado,Patata,kg,S37,,2017-09-11
434,2017,consumo,Patata,kg,S37,,2017-09-11
435,2016,origen,Patata ,kg,S37,0.32,2016-09-12
436,2016,mercado,Patata,kg,S37,0.47,2016-09-12
437,2016,consumo,Patata,kg,S37,1.06,2016-09-12
438,2015,origen,Patata ,kg,S37,0.19,2015-09-14
439,2015,mercado,Patata,kg,S37,0.34,2015-09-14
440,2015,consumo,Patata,kg,S37,0.93,2015-09-14
441,2014,origen,Patata ,kg,S37,0.11,2014-09-15
442,2014,mercado,Patata,kg,S37,0.24,2014-09-15
443,2014,consumo,Patata,kg,S37,0.9,2014-09-15
444,2017,origen,Patata ,kg,S38,,2017-09-18
445,2017,mercado,Patata,kg,S38,,2017-09-18
446,2017,consumo,Patata,kg,S38,,2017-09-18
447,2016,origen,Patata ,kg,S38,0.29,2016-09-19
448,2016,mercado,Patata,kg,S38,0.45,2016-09-19
449,2016,consumo,Patata,kg,S38,1.05,2016-09-19
450,2015,origen,Patata ,kg,S38,0.19,2015-09-21
451,2015,mercado,Patata,kg,S38,0.35,2015-09-21
452,2015,consumo,Patata,kg,S38,0.93,2015-09-21
453,2014,origen,Patata ,kg,S38,0.11,2014-09-22
454,2014,mercado,Patata,kg,S38,0.25,2014-09-22
455,2014,consumo,Patata,kg,S38,0.9,2014-09-22
456,2017,origen,Patata ,kg,S39,,2017-09-25
457,2017,mercado,Patata,kg,S39,,2017-09-25
458,2017,consumo,Patata,kg,S39,,2017-09-25
459,2016,origen,Patata ,kg,S39,0.28,2016-09-26
460,2016,mercado,Patata,kg,S39,0.45,2016-09-26
461,2016,consumo,Patata,kg,S39,1.05,2016-09-26
462,2015,origen,Patata ,kg,S39,0.19,2015-09-28
463,2015,mercado,Patata,kg,S39,0.36,2015-09-28
464,2015,consumo,Patata,kg,S39,0.94,2015-09-28
465,2014,origen,Patata ,kg,S39,0.1,2014-09-29
466,2014,mercado,Patata,kg,S39,0.25,2014-09-29
467,2014,consumo,Patata,kg,S39,0.89,2014-09-29
468,2017,origen,Patata ,kg,S40,,2017-10-02
469,2017,mercado,Patata,kg,S40,,2017-10-02
470,2017,consumo,Patata,kg,S40,,2017-10-02
471,2016,origen,Patata ,kg,S40,0.28,2016-10-03
472,2016,mercado,Patata,kg,S40,0.43,2016-10-03
473,2016,consumo,Patata,kg,S40,1.06,2016-10-03
474,2015,origen,Patata ,kg,S40,0.19,2015-10-05
475,2015,mercado,Patata,kg,S40,0.34,2015-10-05
476,2015,consumo,Patata,kg,S40,0.94,2015-10-05
477,2014,origen,Patata ,kg,S40,0.09,2014-10-06
478,2014,mercado,Patata,kg,S40,0.23,2014-10-06
479,2014,consumo,Patata,kg,S40,0.89,2014-10-06
480,2017,origen,Patata ,kg,S41,,2017-10-09
481,2017,mercado,Patata,kg,S41,,2017-10-09
482,2017,consumo,Patata,kg,S41,,2017-10-09
483,2016,origen,Patata ,kg,S41,0.25,2016-10-10
484,2016,mercado,Patata,kg,S41,0.42,2016-10-10
485,2016,consumo,Patata,kg,S41,1.06,2016-10-10
486,2015,origen,Patata ,kg,S41,0.19,2015-10-12
487,2015,mercado,Patata,kg,S41,0.35,2015-10-12
488,2015,consumo,Patata,kg,S41,0.93,2015-10-12
489,2014,origen,Patata ,kg,S41,0.07,2014-10-13
490,2014,mercado,Patata,kg,S41,0.22,2014-10-13
491,2014,consumo,Patata,kg,S41,0.88,2014-10-13
492,2017,origen,Patata ,kg,S42,,2017-10-16
493,2017,mercado,Patata,kg,S42,,2017-10-16
494,2017,consumo,Patata,kg,S42,,2017-10-16
495,2016,origen,Patata ,kg,S42,0.22,2016-10-17
496,2016,mercado,Patata,kg,S42,0.4,2016-10-17
497,2016,consumo,Patata,kg,S42,1.06,2016-10-17
498,2015,origen,Patata ,kg,S42,0.19,2015-10-19
499,2015,mercado,Patata,kg,S42,0.38,2015-10-19
500,2015,consumo,Patata,kg,S42,0.93,2015-10-19
501,2014,origen,Patata ,kg,S42,0.09,2014-10-20
502,2014,mercado,Patata,kg,S42,0.21,2014-10-20
503,2014,consumo,Patata,kg,S42,0.88,2014-10-20
504,2017,origen,Patata ,kg,S43,,2017-10-23
505,2017,mercado,Patata,kg,S43,,2017-10-23
506,2017,consumo,Patata,kg,S43,,2017-10-23
507,2016,origen,Patata ,kg,S43,0.21,2016-10-24
508,2016,mercado,Patata,kg,S43,0.4,2016-10-24
509,2016,consumo,Patata,kg,S43,1.07,2016-10-24
510,2015,origen,Patata ,kg,S43,0.19,2015-10-26
511,2015,mercado,Patata,kg,S43,0.38,2015-10-26
512,2015,consumo,Patata,kg,S43,0.94,2015-10-26
513,2014,origen,Patata ,kg,S43,0.07,2014-10-27
514,2014,mercado,Patata,kg,S43,0.22,2014-10-27
515,2014,consumo,Patata,kg,S43,0.87,2014-10-27
516,2017,origen,Patata ,kg,S44,,2017-10-30
517,2017,mercado,Patata,kg,S44,,2017-10-30
518,2017,consumo,Patata,kg,S44,,2017-10-30
519,2016,origen,Patata ,kg,S44,0.23,2016-10-31
520,2016,mercado,Patata,kg,S44,0.4,2016-10-31
521,2016,consumo,Patata,kg,S44,1.07,2016-10-31
522,2015,origen,Patata ,kg,S44,0.2,2015-11-02
523,2015,mercado,Patata,kg,S44,0.37,2015-11-02
524,2015,consumo,Patata,kg,S44,0.94,2015-11-02
525,2014,origen,Patata ,kg,S44,0.07,2014-11-03
526,2014,mercado,Patata,kg,S44,0.22,2014-11-03
527,2014,consumo,Patata,kg,S44,0.86,2014-11-03
528,2017,origen,Patata ,kg,S45,,2017-11-06
529,2017,mercado,Patata,kg,S45,,2017-11-06
530,2017,consumo,Patata,kg,S45,,2017-11-06
531,2016,origen,Patata ,kg,S45,0.22,2016-11-07
532,2016,mercado,Patata,kg,S45,0.4,2016-11-07
533,2016,consumo,Patata,kg,S45,1.06,2016-11-07
534,2015,origen,Patata ,kg,S45,0.2,2015-11-09
535,2015,mercado,Patata,kg,S45,0.4,2015-11-09
536,2015,consumo,Patata,kg,S45,0.94,2015-11-09
537,2014,origen,Patata ,kg,S45,0.1,2014-11-10
538,2014,mercado,Patata,kg,S45,0.21,2014-11-10
539,2014,consumo,Patata,kg,S45,0.86,2014-11-10
540,2017,origen,Patata ,kg,S46,,2017-11-13
541,2017,mercado,Patata,kg,S46,,2017-11-13
542,2017,consumo,Patata,kg,S46,,2017-11-13
543,2016,origen,Patata ,kg,S46,0.22,2016-11-14
544,2016,mercado,Patata,kg,S46,0.4,2016-11-14
545,2016,consumo,Patata,kg,S46,1.05,2016-11-14
546,2015,origen,Patata ,kg,S46,0.2,2015-11-16
547,2015,mercado,Patata,kg,S46,0.39,2015-11-16
548,2015,consumo,Patata,kg,S46,0.95,2015-11-16
549,2014,origen,Patata ,kg,S46,0.1,2014-11-17
550,2014,mercado,Patata,kg,S46,0.24,2014-11-17
551,2014,consumo,Patata,kg,S46,0.86,2014-11-17
552,2017,origen,Patata ,kg,S47,,2017-11-20
553,2017,mercado,Patata,kg,S47,,2017-11-20
554,2017,consumo,Patata,kg,S47,,2017-11-20
555,2016,origen,Patata ,kg,S47,0.23,2016-11-21
556,2016,mercado,Patata,kg,S47,0.4,2016-11-21
557,2016,consumo,Patata,kg,S47,1.05,2016-11-21
558,2015,origen,Patata ,kg,S47,0.2,2015-11-23
559,2015,mercado,Patata,kg,S47,0.39,2015-11-23
560,2015,consumo,Patata,kg,S47,0.96,2015-11-23
561,2014,origen,Patata ,kg,S47,0.09,2014-11-24
562,2014,mercado,Patata,kg,S47,0.21,2014-11-24
563,2014,consumo,Patata,kg,S47,0.87,2014-11-24
564,2017,origen,Patata ,kg,S48,,2017-11-27
565,2017,mercado,Patata,kg,S48,,2017-11-27
566,2017,consumo,Patata,kg,S48,,2017-11-27
567,2016,origen,Patata ,kg,S48,0.26,2016-11-28
568,2016,mercado,Patata,kg,S48,0.39,2016-11-28
569,2016,consumo,Patata,kg,S48,1.06,2016-11-28
570,2015,origen,Patata ,kg,S48,0.22,2015-11-30
571,2015,mercado,Patata,kg,S48,0.39,2015-11-30
572,2015,consumo,Patata,kg,S48,0.96,2015-11-30
573,2014,origen,Patata ,kg,S48,0.09,2014-12-01
574,2014,mercado,Patata,kg,S48,0.23,2014-12-01
575,2014,consumo,Patata,kg,S48,0.87,2014-12-01
576,2017,origen,Patata ,kg,S49,,2017-12-04
577,2017,mercado,Patata,kg,S49,,2017-12-04
578,2017,consumo,Patata,kg,S49,,2017-12-04
579,2016,origen,Patata ,kg,S49,0.28,2016-12-05
580,2016,mercado,Patata,kg,S49,0.39,2016-12-05
581,2016,consumo,Patata,kg,S49,1.05,2016-12-05
582,2015,origen,Patata ,kg,S49,0.22,2015-12-07
583,2015,mercado,Patata,kg,S49,0.38,2015-12-07
584,2015,consumo,Patata,kg,S49,0.96,2015-12-07
585,2014,origen,Patata ,kg,S49,0.09,2014-12-08
586,2014,mercado,Patata,kg,S49,0.23,2014-12-08
587,2014,consumo,Patata,kg,S49,0.88,2014-12-08
588,2017,origen,Patata ,kg,S50,,2017-12-11
589,2017,mercado,Patata,kg,S50,,2017-12-11
590,2017,consumo,Patata,kg,S50,,2017-12-11
591,2016,origen,Patata ,kg,S50,0.28,2016-12-12
592,2016,mercado,Patata,kg,S50,0.38,2016-12-12
593,2016,consumo,Patata,kg,S50,1.06,2016-12-12
594,2015,origen,Patata ,kg,S50,0.22,2015-12-14
595,2015,mercado,Patata,kg,S50,0.39,2015-12-14
596,2015,consumo,Patata,kg,S50,0.96,2015-12-14
597,2014,origen,Patata ,kg,S50,0.09,2014-12-15
598,2014,mercado,Patata,kg,S50,0.22,2014-12-15
599,2014,consumo,Patata,kg,S50,0.88,2014-12-15
600,2017,origen,Patata ,kg,S51,,2017-12-18
601,2017,mercado,Patata,kg,S51,,2017-12-18
602,2017,consumo,Patata,kg,S51,,2017-12-18
603,2016,origen,Patata ,kg,S51,0.27,2016-12-19
604,2016,mercado,Patata,kg,S51,0.38,2016-12-19
605,2016,consumo,Patata,kg,S51,1.06,2016-12-19
606,2015,origen,Patata ,kg,S51,0.22,2015-12-21
607,2015,mercado,Patata,kg,S51,0.4,2015-12-21
608,2015,consumo,Patata,kg,S51,0.96,2015-12-21
609,2014,origen,Patata ,kg,S51,0.09,2014-12-22
610,2014,mercado,Patata,kg,S51,0.23,2014-12-22
611,2014,consumo,Patata,kg,S51,0.88,2014-12-22
612,2017,origen,Patata ,kg,S52,,2017-12-25
613,2017,mercado,Patata,kg,S52,,2017-12-25
614,2017,consumo,Patata,kg,S52,,2017-12-25
615,2016,origen,Patata ,kg,S52,0.27,2016-12-26
616,2016,mercado,Patata,kg,S52,0.38,2016-12-26
617,2016,consumo,Patata,kg,S52,1.06,2016-12-26
618,2015,origen,Patata ,kg,S52,0.22,2015-12-28
619,2015,mercado,Patata,kg,S52,0.4,2015-12-28
620,2015,consumo,Patata,kg,S52,0.96,2015-12-28
621,2014,origen,Patata ,kg,S52,0.09,2014-12-29
622,2014,mercado,Patata,kg,S52,0.22,2014-12-29
623,2014,consumo,Patata,kg,S52,0.88,2014-12-29
